[
  {
    "model": "auth.user",
    "pk": 1,
    "fields": {
      "password": "pbkdf2_sha256$600000$Lna7Vj6h0JkluuukS84jFw$Nrj8S9P6k7xvUJFa99c/OHNHpch2k/L9C2MQRVhRlD4=",
      "last_login": "2024-06-20T16:16:52Z",
      "is_superuser": true,
      "username": "root",
      "first_name": "Rastislav",
      "last_name": "Rootilow",
      "email": "root.sub@gmail.com",
      "is_staff": true,
      "is_active": true,
      "date_joined": "2024-06-03T18:02:55Z",
      "groups": [],
      "user_permissions": []
    }
  },
  {
    "model": "auth.user",
    "pk": 2,
    "fields": {
      "password": "pbkdf2_sha256$720000$1j7tCS8zV34GszUZHAAM0i$/ReCxDzogGFK4vbhoM8NaSHYHCOhe+VWQBnE/nWV3uc=",
      "last_login": "2024-06-20T16:35:47Z",
      "is_superuser": false,
      "username": "гuser",
      "first_name": "User",
      "last_name": "User_001",
      "email": "user@gmail.com",
      "is_staff": false,
      "is_active": true,
      "date_joined": "2024-06-06T14:20:29Z",
      "groups": [],
      "user_permissions": []
    }
  },
  {
    "model": "auth.user",
    "pk": 3,
    "fields": {
      "password": "pbkdf2_sha256$720000$g7Xup8J5xuMB2jHWGDHoTR$S1waPhp1FFw19XVeqVdU7WFfUn+5gL9BMgP0bMMCiww=",
      "last_login": "2024-06-20T16:34:59Z",
      "is_superuser": false,
      "username": "visitor",
      "first_name": "Парень",
      "last_name": "Простенький",
      "email": "visitor@gmail.com",
      "is_staff": true,
      "is_active": true,
      "date_joined": "2024-06-06T14:21:14Z",
      "groups": [],
      "user_permissions": []
    }
  },
  {
    "model": "auth.user",
    "pk": 4,
    "fields": {
      "password": "pbkdf2_sha256$720000$AjfeHUgWDKUS79Ntx43jif$6PQssJ8slkK02Qk/HUCLyNH0joAkOpeGsnO393cFXPQ=",
      "last_login": null,
      "is_superuser": false,
      "username": "pupok",
      "first_name": "Пупсик",
      "last_name": "Пупок",
      "email": "pupok@cool.com",
      "is_staff": false,
      "is_active": true,
      "date_joined": "2024-06-10T13:06:08.345Z",
      "groups": [],
      "user_permissions": []
    }
  },
  {
    "model": "sessions.session",
    "pk": "45qglkxitkcvim1nc5e2byhozat4oixn",
    "fields": {
      "session_data": ".eJxVjEEOwiAQAP_C2RC6hQIevfsGstsFqRpISnsy_l1JetDrzGReIuC-5bC3uIaFxVkM4vTLCOdHLF3wHcutyrmWbV1I9kQetslr5fi8HO3fIGPLfYsD-UGNioDATiY5dgwpfvHkvNZACWarkkkIGtKovOdoonWaRoPM4v0B2dU3-w:1sEC1z:FJDVaIilYdgyoGhNjmMDNgFlVo_Umr4kJbD6a6CE5gs",
      "expire_date": "2024-06-17T18:03:39.762Z"
    }
  },
  {
    "model": "sessions.session",
    "pk": "6iv3x5sgcwyiokymrmh68wrrmdqx097v",
    "fields": {
      "session_data": "e30:1sGEeb:Rn1FnIYZ5H2oqnNJQ7OvQaOSFO0negj6AkJsn_Cs2uk",
      "expire_date": "2024-06-23T09:15:57.379Z"
    }
  },
  {
    "model": "sessions.session",
    "pk": "7mxsdxv8tfkqdkoov1lu11xk4y4lxa8b",
    "fields": {
      "session_data": ".eJxVjEEOwiAQRe_C2hChEAaX7j0DGYYZqRqalHbVeHdt0oVu_3vvbyrhutS0dp7TWNRFGXX63TLSk9sOygPbfdI0tWUes94VfdCub1Ph1_Vw_w4q9vqtQxw4Ag4AwXEsYqwTJ6ZkAJsJEZkCBgk-OnBMJJFFxDO5c7AeRL0_-jk49Q:1sKI8u:LIdJO1JDr3OmLuq7Cx9k5wXyb6nyinWGv1ft1xlyl1M",
      "expire_date": "2024-07-04T13:48:00.518Z"
    }
  },
  {
    "model": "sessions.session",
    "pk": "emidj10ssjssvfcfhf8co1rpxkokb4wk",
    "fields": {
      "session_data": ".eJxVjEEOwiAQRe_C2hChEAaX7j0DGYYZqRqalHbVeHdt0oVu_3vvbyrhutS0dp7TWNRFGXX63TLSk9sOygPbfdI0tWUes94VfdCub1Ph1_Vw_w4q9vqtQxw4Ag4AwXEsYqwTJ6ZkAJsJEZkCBgk-OnBMJJFFxDO5c7AeRL0_-jk49Q:1sJ84l:Q9zjmf1w6D-AlDek-1t7MR6UwtrAjeF32M2cIm749Aw",
      "expire_date": "2024-07-01T08:50:55.315Z"
    }
  },
  {
    "model": "sessions.session",
    "pk": "h80zzlzoff08ixgitdtpngppcy0ysrg8",
    "fields": {
      "session_data": ".eJxVjEEOwiAQAP_C2RC6hQIevfsGstsFqRpISnsy_l1JetDrzGReIuC-5bC3uIaFxVkM4vTLCOdHLF3wHcutyrmWbV1I9kQetslr5fi8HO3fIGPLfYsD-UGNioDATiY5dgwpfvHkvNZACWarkkkIGtKovOdoonWaRoPM4v0B2dU3-w:1sGaxE:AlUjHkkVyeoZYxIf4ZPEA9kAhUVAIKMk3qsgwtpFLG0",
      "expire_date": "2024-06-24T09:04:40.831Z"
    }
  },
  {
    "model": "sessions.session",
    "pk": "i9o46gdasl2mtn71d0np1diowcbwry9w",
    "fields": {
      "session_data": ".eJxVjEEOwiAQRe_C2hChEAaX7j0DGYYZqRqalHbVeHdt0oVu_3vvbyrhutS0dp7TWNRFGXX63TLSk9sOygPbfdI0tWUes94VfdCub1Ph1_Vw_w4q9vqtQxw4Ag4AwXEsYqwTJ6ZkAJsJEZkCBgk-OnBMJJFFxDO5c7AeRL0_-jk49Q:1sKKCQ:Hggn3X_JIzfKIp90k3uKqsFGZog-Sy2ZCvzwslp6JAY",
      "expire_date": "2024-07-04T15:59:46.418Z"
    }
  },
  {
    "model": "sessions.session",
    "pk": "mjvwhtnst1e8l4wafunxt3ixo1rqzgfw",
    "fields": {
      "session_data": ".eJxVjEEOwiAQAP_C2RC6hQIevfsGstsFqRpISnsy_l1JetDrzGReIuC-5bC3uIaFxVkM4vTLCOdHLF3wHcutyrmWbV1I9kQetslr5fi8HO3fIGPLfYsD-UGNioDATiY5dgwpfvHkvNZACWarkkkIGtKovOdoonWaRoPM4v0B2dU3-w:1sGbEm:ZmlMs0qyp1V5CfEofogCPaWXlvlrooAlTNRnQfmpS3s",
      "expire_date": "2024-06-24T09:22:48.511Z"
    }
  },
  {
    "model": "sessions.session",
    "pk": "rc1ad5yodc7wlmdpmy2g1y0uusq6u0x3",
    "fields": {
      "session_data": ".eJxVjEEOwiAQAP_C2RC6hQIevfsGstsFqRpISnsy_l1JetDrzGReIuC-5bC3uIaFxVkM4vTLCOdHLF3wHcutyrmWbV1I9kQetslr5fi8HO3fIGPLfYsD-UGNioDATiY5dgwpfvHkvNZACWarkkkIGtKovOdoonWaRoPM4v0B2dU3-w:1sFA2x:Ue6N2jLk8U6mxax649vhZ5BDQhqjVW0vtxP-kxEexLQ",
      "expire_date": "2024-06-20T10:08:39.473Z"
    }
  },
  {
    "model": "sessions.session",
    "pk": "rdf8ub88gwkn96rv59zlw7t24xylcrne",
    "fields": {
      "session_data": ".eJxVjEEOwiAQRe_C2hChEAaX7j0DGYYZqRqalHbVeHdt0oVu_3vvbyrhutS0dp7TWNRFGXX63TLSk9sOygPbfdI0tWUes94VfdCub1Ph1_Vw_w4q9vqtQxw4Ag4AwXEsYqwTJ6ZkAJsJEZkCBgk-OnBMJJFFxDO5c7AeRL0_-jk49Q:1sKKSy:mxA62JtzsYdck5njsRxldtv3QhzqzvafYtCaNrVA-VI",
      "expire_date": "2024-07-04T16:16:52.391Z"
    }
  },
  {
    "model": "sessions.session",
    "pk": "t0h6ulikpybp1z3cjj7fro7robrayp29",
    "fields": {
      "session_data": ".eJxVjEEOwiAQAP_C2RC6hQIevfsGstsFqRpISnsy_l1JetDrzGReIuC-5bC3uIaFxVkM4vTLCOdHLF3wHcutyrmWbV1I9kQetslr5fi8HO3fIGPLfYsD-UGNioDATiY5dgwpfvHkvNZACWarkkkIGtKovOdoonWaRoPM4v0B2dU3-w:1sHkeA:4uQmoPsa4QznxCw5M7eeAZzMVAomHwjrhLLn4eF5vl0",
      "expire_date": "2024-06-27T13:37:46.886Z"
    }
  },
  {
    "model": "sessions.session",
    "pk": "xizo92753ghwlo58eu9j7q7yofjz1p43",
    "fields": {
      "session_data": ".eJxVjEEOwiAQAP_C2RC6hQIevfsGstsFqRpISnsy_l1JetDrzGReIuC-5bC3uIaFxVkM4vTLCOdHLF3wHcutyrmWbV1I9kQetslr5fi8HO3fIGPLfYsD-UGNioDATiY5dgwpfvHkvNZACWarkkkIGtKovOdoonWaRoPM4v0B2dU3-w:1sGElX:sh40-VY6IefD2tjbdoSk_CUiKAAZtN8RpWTvu3cNCMQ",
      "expire_date": "2024-06-23T09:23:07.168Z"
    }
  },
  {
    "model": "sessions.session",
    "pk": "y6sgvya93okglscq0uofyki8vrpbxfp6",
    "fields": {
      "session_data": ".eJxVjEEOwiAQAP_C2RC6hQIevfsGstsFqRpISnsy_l1JetDrzGReIuC-5bC3uIaFxVkM4vTLCOdHLF3wHcutyrmWbV1I9kQetslr5fi8HO3fIGPLfYsD-UGNioDATiY5dgwpfvHkvNZACWarkkkIGtKovOdoonWaRoPM4v0B2dU3-w:1sFDxN:lKkzEWN5ylanQOPlew_xrSqTGIoFiD2tVcmbEhrQNYw",
      "expire_date": "2024-06-20T14:19:09.622Z"
    }
  },
  {
    "model": "sites.site",
    "pk": 1,
    "fields": {
      "domain": "127.0.0.1:8000",
      "name": "127.0.0.1:8000"
    }
  },
  {
    "model": "captcha.captchastore",
    "pk": 381,
    "fields": {
      "challenge": "9+6=",
      "response": "15",
      "hashkey": "f347fb178e0b36d81c87722dd46f680855c1551e",
      "expiration": "2024-06-17T08:53:00.333Z"
    }
  },
  {
    "model": "captcha.captchastore",
    "pk": 382,
    "fields": {
      "challenge": "8*1=",
      "response": "8",
      "hashkey": "595543738b0e3a9e560214c5ac7bc665ddba2cd9",
      "expiration": "2024-06-17T08:53:11.261Z"
    }
  },
  {
    "model": "captcha.captchastore",
    "pk": 383,
    "fields": {
      "challenge": "8*5=",
      "response": "40",
      "hashkey": "e78847587c7dccef482fe8be3f188a7fbc961403",
      "expiration": "2024-06-17T08:53:14.036Z"
    }
  },
  {
    "model": "captcha.captchastore",
    "pk": 384,
    "fields": {
      "challenge": "10-8=",
      "response": "2",
      "hashkey": "fa7a845bda57a85f7d25df1751bfcf31c5e7d65b",
      "expiration": "2024-06-17T08:55:00.088Z"
    }
  },
  {
    "model": "captcha.captchastore",
    "pk": 385,
    "fields": {
      "challenge": "8-4=",
      "response": "4",
      "hashkey": "195ed6f5f313a3e9cddbe17c57caa84adbcd1861",
      "expiration": "2024-06-17T08:55:24.432Z"
    }
  },
  {
    "model": "taggit.tag",
    "pk": 4,
    "fields": {
      "name": "юриспруденция",
      "slug": "юриспруденция"
    }
  },
  {
    "model": "taggit.tag",
    "pk": 5,
    "fields": {
      "name": "суд",
      "slug": "суд"
    }
  },
  {
    "model": "taggit.tag",
    "pk": 6,
    "fields": {
      "name": "справедливость",
      "slug": "справедливость"
    }
  },
  {
    "model": "taggit.tag",
    "pk": 7,
    "fields": {
      "name": "правила",
      "slug": "правила"
    }
  },
  {
    "model": "taggit.tag",
    "pk": 8,
    "fields": {
      "name": "законы",
      "slug": "законы"
    }
  },
  {
    "model": "taggit.tag",
    "pk": 9,
    "fields": {
      "name": "документы",
      "slug": "документы"
    }
  },
  {
    "model": "taggit.tag",
    "pk": 10,
    "fields": {
      "name": "паттерн",
      "slug": "паттерн"
    }
  },
  {
    "model": "taggit.tag",
    "pk": 11,
    "fields": {
      "name": "паттерны проектирования",
      "slug": "паттерны-проектирования"
    }
  },
  {
    "model": "taggit.tag",
    "pk": 12,
    "fields": {
      "name": "паттерны",
      "slug": "паттерны"
    }
  },
  {
    "model": "taggit.tag",
    "pk": 13,
    "fields": {
      "name": "программист",
      "slug": "программист"
    }
  },
  {
    "model": "taggit.tag",
    "pk": 14,
    "fields": {
      "name": "энергия",
      "slug": "энергия"
    }
  },
  {
    "model": "taggit.tag",
    "pk": 15,
    "fields": {
      "name": "кофе",
      "slug": "кофе"
    }
  },
  {
    "model": "taggit.tag",
    "pk": 16,
    "fields": {
      "name": "дедлайн",
      "slug": "дедлайн"
    }
  },
  {
    "model": "taggit.tag",
    "pk": 17,
    "fields": {
      "name": "трудности",
      "slug": "трудности"
    }
  },
  {
    "model": "taggit.tag",
    "pk": 18,
    "fields": {
      "name": "юрист",
      "slug": "юрист"
    }
  },
  {
    "model": "taggit.tag",
    "pk": 19,
    "fields": {
      "name": "программирование",
      "slug": "программирование"
    }
  },
  {
    "model": "taggit.tag",
    "pk": 20,
    "fields": {
      "name": "картины",
      "slug": "картины"
    }
  },
  {
    "model": "taggit.tag",
    "pk": 21,
    "fields": {
      "name": "заработок",
      "slug": "заработок"
    }
  },
  {
    "model": "taggit.tag",
    "pk": 22,
    "fields": {
      "name": "криптомир",
      "slug": "криптомир"
    }
  },
  {
    "model": "taggit.tag",
    "pk": 23,
    "fields": {
      "name": "NFT",
      "slug": "nft"
    }
  },
  {
    "model": "taggit.tag",
    "pk": 24,
    "fields": {
      "name": "биткойн",
      "slug": "биткойн"
    }
  },
  {
    "model": "taggit.tag",
    "pk": 25,
    "fields": {
      "name": "криптозвери",
      "slug": "криптозвери"
    }
  },
  {
    "model": "taggit.taggeditem",
    "pk": 5,
    "fields": {
      "tag": 4,
      "content_type": 8,
      "object_id": 9
    }
  },
  {
    "model": "taggit.taggeditem",
    "pk": 6,
    "fields": {
      "tag": 5,
      "content_type": 8,
      "object_id": 9
    }
  },
  {
    "model": "taggit.taggeditem",
    "pk": 7,
    "fields": {
      "tag": 6,
      "content_type": 8,
      "object_id": 9
    }
  },
  {
    "model": "taggit.taggeditem",
    "pk": 8,
    "fields": {
      "tag": 8,
      "content_type": 8,
      "object_id": 8
    }
  },
  {
    "model": "taggit.taggeditem",
    "pk": 9,
    "fields": {
      "tag": 4,
      "content_type": 8,
      "object_id": 8
    }
  },
  {
    "model": "taggit.taggeditem",
    "pk": 10,
    "fields": {
      "tag": 7,
      "content_type": 8,
      "object_id": 8
    }
  },
  {
    "model": "taggit.taggeditem",
    "pk": 11,
    "fields": {
      "tag": 8,
      "content_type": 8,
      "object_id": 7
    }
  },
  {
    "model": "taggit.taggeditem",
    "pk": 12,
    "fields": {
      "tag": 9,
      "content_type": 8,
      "object_id": 7
    }
  },
  {
    "model": "taggit.taggeditem",
    "pk": 13,
    "fields": {
      "tag": 4,
      "content_type": 8,
      "object_id": 7
    }
  },
  {
    "model": "taggit.taggeditem",
    "pk": 14,
    "fields": {
      "tag": 10,
      "content_type": 8,
      "object_id": 6
    }
  },
  {
    "model": "taggit.taggeditem",
    "pk": 15,
    "fields": {
      "tag": 11,
      "content_type": 8,
      "object_id": 6
    }
  },
  {
    "model": "taggit.taggeditem",
    "pk": 16,
    "fields": {
      "tag": 12,
      "content_type": 8,
      "object_id": 6
    }
  },
  {
    "model": "taggit.taggeditem",
    "pk": 17,
    "fields": {
      "tag": 13,
      "content_type": 8,
      "object_id": 5
    }
  },
  {
    "model": "taggit.taggeditem",
    "pk": 18,
    "fields": {
      "tag": 14,
      "content_type": 8,
      "object_id": 5
    }
  },
  {
    "model": "taggit.taggeditem",
    "pk": 19,
    "fields": {
      "tag": 15,
      "content_type": 8,
      "object_id": 5
    }
  },
  {
    "model": "taggit.taggeditem",
    "pk": 20,
    "fields": {
      "tag": 13,
      "content_type": 8,
      "object_id": 6
    }
  },
  {
    "model": "taggit.taggeditem",
    "pk": 21,
    "fields": {
      "tag": 16,
      "content_type": 8,
      "object_id": 4
    }
  },
  {
    "model": "taggit.taggeditem",
    "pk": 22,
    "fields": {
      "tag": 17,
      "content_type": 8,
      "object_id": 4
    }
  },
  {
    "model": "taggit.taggeditem",
    "pk": 23,
    "fields": {
      "tag": 13,
      "content_type": 8,
      "object_id": 4
    }
  },
  {
    "model": "taggit.taggeditem",
    "pk": 24,
    "fields": {
      "tag": 18,
      "content_type": 8,
      "object_id": 9
    }
  },
  {
    "model": "taggit.taggeditem",
    "pk": 25,
    "fields": {
      "tag": 18,
      "content_type": 8,
      "object_id": 8
    }
  },
  {
    "model": "taggit.taggeditem",
    "pk": 26,
    "fields": {
      "tag": 18,
      "content_type": 8,
      "object_id": 7
    }
  },
  {
    "model": "taggit.taggeditem",
    "pk": 27,
    "fields": {
      "tag": 19,
      "content_type": 8,
      "object_id": 6
    }
  },
  {
    "model": "taggit.taggeditem",
    "pk": 28,
    "fields": {
      "tag": 19,
      "content_type": 8,
      "object_id": 5
    }
  },
  {
    "model": "taggit.taggeditem",
    "pk": 29,
    "fields": {
      "tag": 19,
      "content_type": 8,
      "object_id": 4
    }
  },
  {
    "model": "taggit.taggeditem",
    "pk": 30,
    "fields": {
      "tag": 20,
      "content_type": 8,
      "object_id": 3
    }
  },
  {
    "model": "taggit.taggeditem",
    "pk": 31,
    "fields": {
      "tag": 21,
      "content_type": 8,
      "object_id": 3
    }
  },
  {
    "model": "taggit.taggeditem",
    "pk": 32,
    "fields": {
      "tag": 22,
      "content_type": 8,
      "object_id": 3
    }
  },
  {
    "model": "taggit.taggeditem",
    "pk": 33,
    "fields": {
      "tag": 23,
      "content_type": 8,
      "object_id": 3
    }
  },
  {
    "model": "taggit.taggeditem",
    "pk": 34,
    "fields": {
      "tag": 24,
      "content_type": 8,
      "object_id": 2
    }
  },
  {
    "model": "taggit.taggeditem",
    "pk": 35,
    "fields": {
      "tag": 21,
      "content_type": 8,
      "object_id": 2
    }
  },
  {
    "model": "taggit.taggeditem",
    "pk": 36,
    "fields": {
      "tag": 22,
      "content_type": 8,
      "object_id": 2
    }
  },
  {
    "model": "taggit.taggeditem",
    "pk": 37,
    "fields": {
      "tag": 20,
      "content_type": 8,
      "object_id": 1
    }
  },
  {
    "model": "taggit.taggeditem",
    "pk": 38,
    "fields": {
      "tag": 21,
      "content_type": 8,
      "object_id": 1
    }
  },
  {
    "model": "taggit.taggeditem",
    "pk": 39,
    "fields": {
      "tag": 22,
      "content_type": 8,
      "object_id": 1
    }
  },
  {
    "model": "taggit.taggeditem",
    "pk": 40,
    "fields": {
      "tag": 23,
      "content_type": 8,
      "object_id": 1
    }
  },
  {
    "model": "taggit.taggeditem",
    "pk": 41,
    "fields": {
      "tag": 25,
      "content_type": 8,
      "object_id": 1
    }
  },
  {
    "model": "blog.category",
    "pk": 1,
    "fields": {
      "title": "Программирование",
      "slug": "programmirovanie",
      "description": "Мир, где кофе ☕ и код 💻 правят балом.",
      "parent": null,
      "lft": 1,
      "rght": 2,
      "tree_id": 2,
      "level": 0
    }
  },
  {
    "model": "blog.category",
    "pk": 2,
    "fields": {
      "title": "Юридические штуки",
      "slug": "legal-stuff",
      "description": "Здесь всё строго, запутанно и всегда с печатью. 📜🔍",
      "parent": null,
      "lft": 1,
      "rght": 2,
      "tree_id": 3,
      "level": 0
    }
  },
  {
    "model": "blog.category",
    "pk": 3,
    "fields": {
      "title": "Криптомир",
      "slug": "crypto-world",
      "description": "Место, где биткойны летают, а NFT восхищают. 🌐💸",
      "parent": null,
      "lft": 1,
      "rght": 2,
      "tree_id": 1,
      "level": 0
    }
  },
  {
    "model": "blog.article",
    "pk": 1,
    "fields": {
      "title": "10 странных фактов о криптозверях 🦄👾",
      "slug": "10-strannykh-faktov-o-kriptozveryakh",
      "short_description": "Откройте для себя тайны криптозверей и их удивительные особенности! 🕵️‍♀️",
      "full_description": "Здесь вы узнаете о том, как криптозвери обитают в мире блокчейн, питаются мемами и размножаются с помощью NFT. Удивительно, но факт: криптозвери могут менять свои цвета в зависимости от текущей цены биткойна! И это еще не все удивительные черты этих загадочных существ. Давайте погрузимся в мир криптозверей вместе! 🌈🚀",
      "thumbnail": "images/thumbnails/2024/06/06/cryptobeasts.jpeg",
      "status": "published",
      "time_create": "2024-06-03T18:31:21.554Z",
      "time_update": "2024-06-13T10:49:10.565Z",
      "author": 3,
      "updater": null,
      "fixed": false,
      "category": 3
    }
  },
  {
    "model": "blog.article",
    "pk": 2,
    "fields": {
      "title": "Пик или пропасть? Ваш гид в мире биткойнов 📈📉",
      "slug": "pik-ili-propast-vash-gid-v-mire-bitkoinov",
      "short_description": "Готовы ли вы стать следующим миллионером или потерять все свои сбережения? Узнайте правду о мире биткойнов! 💰💥",
      "full_description": "Добро пожаловать в мир биткойнов! Здесь вы найдете все, что нужно знать о динамичном мире криптовалют. От новых технологий до волнующих новостей - мы расскажем вам о всем, что происходит в этом захватывающем мире. Готовы ли вы стать следующим миллионером или потерять все свои сбережения? Узнайте правду о мире биткойнов с нами! 💰💥",
      "thumbnail": "images/thumbnails/2024/06/06/bitcoin.jpeg",
      "status": "published",
      "time_create": "2024-06-03T18:36:03.672Z",
      "time_update": "2024-06-13T10:48:10.906Z",
      "author": 3,
      "updater": null,
      "fixed": false,
      "category": 3
    }
  },
  {
    "model": "blog.article",
    "pk": 3,
    "fields": {
      "title": "Картинки за миллионы: искусство или чудо? 🖼️💰",
      "slug": "million-dollar-pics-art-or-miracle",
      "short_description": "Узнайте, как пиксели становятся ценными шедеврами и зарабатывают миллионы долларов в мире NFT! 💎✨",
      "full_description": "Давно прошли те времена, когда искусство ограничивалось холстами и кистями. Сегодня мир переживает настоящую революцию в искусстве благодаря технологии NFT. Картины, состоящие из пикселей, становятся объектами желания коллекционеров и достигают невероятных цен на аукционах. Узнайте, как пиксели становятся ценными шедеврами и зарабатывают миллионы долларов в мире NFT! 💎✨",
      "thumbnail": "images/thumbnails/2024/06/06/nft.jpeg",
      "status": "published",
      "time_create": "2024-06-03T18:38:31.936Z",
      "time_update": "2024-06-13T10:48:41.022Z",
      "author": 3,
      "updater": null,
      "fixed": false,
      "category": 3
    }
  },
  {
    "model": "blog.article",
    "pk": 4,
    "fields": {
      "title": "Иногда слёзы: как справиться с кодом и дедлайном? 😭",
      "slug": "sometimes-tears-coping-with-code-and-deadlines",
      "short_description": "Узнайте, как справиться с трудностями программирования и сжатыми сроками без потери мотивации и настроения! 💻⏰",
      "full_description": "Бывают моменты, когда код отказывается работать, а дедлайн стоит на пороге. В такие моменты нам хочется просто заплакать! Но не отчаивайтесь, в этой статье мы расскажем вам, как справиться с трудностями программирования и сжатыми сроками без потери мотивации и настроения. Узнайте, как сохранить спокойствие и сделать ваш код лучше вместе с нами! 💻⏰",
      "thumbnail": "images/thumbnails/2024/06/06/the_code_doesnt_work.jpeg",
      "status": "published",
      "time_create": "2024-06-03T18:44:35.812Z",
      "time_update": "2024-06-13T10:45:45.643Z",
      "author": 1,
      "updater": null,
      "fixed": false,
      "category": 1
    }
  },
  {
    "model": "blog.article",
    "pk": 5,
    "fields": {
      "title": "Кофе решает всё: секрет успеха программиста! ☕💪",
      "slug": "coffee-solves-all-the-secret-to-programming-success",
      "short_description": "Откройте для себя магию кофе и его влияние на процесс программирования. Потому что без кофе кодить вообще невозможно! ☕💪",
      "full_description": "Каждый программист знает, что кофе - это не просто напиток, а настоящий мотиватор и источник энергии. В этой статье мы расскажем вам о магии кофе и его влиянии на процесс программирования. Потому что без кофе кодить вообще невозможно! ☕💪",
      "thumbnail": "images/thumbnails/2024/06/06/coffee_for_a_programmer.jpeg",
      "status": "published",
      "time_create": "2024-06-03T18:45:39.242Z",
      "time_update": "2024-06-13T10:45:35.942Z",
      "author": 1,
      "updater": null,
      "fixed": false,
      "category": 1
    }
  },
  {
    "model": "blog.article",
    "pk": 6,
    "fields": {
      "title": "Хорошо, но не очень: как не запутаться в паттернах проектирования? 🤔",
      "slug": "good-but-not-great-how-to-not-get-lost-in-design-patterns",
      "short_description": "Узнайте, как не потеряться в мире паттернов проектирования и использовать их на благо вашего проекта! 💡🔗",
      "full_description": "Паттерны проектирования могут быть как нашими лучшими друзьями, так и заклятыми врагами. В этой статье мы расскажем вам, как не потеряться в мире паттернов проектирования и использовать их на благо вашего проекта. Узнайте, как выбрать правильный паттерн и сделать ваш код еще лучше! 💡🔗",
      "thumbnail": "images/thumbnails/2024/06/06/design_patterns.jpeg",
      "status": "published",
      "time_create": "2024-06-03T18:46:50.458Z",
      "time_update": "2024-06-13T10:45:20.548Z",
      "author": 1,
      "updater": null,
      "fixed": false,
      "category": 1
    }
  },
  {
    "model": "blog.article",
    "pk": 7,
    "fields": {
      "title": "Бесконечные отчёты: как выжить в мире юриспруденции? 📚📝",
      "slug": "endless-reports-how-to-survive-in-the-legal-world",
      "short_description": "Узнайте, как сохранить здравый смысл и выжить в мире, где бумаги больше, чем идей! 💼🤯",
      "full_description": "Юридические документы могут быть настоящим лабиринтом, но не отчаивайтесь! В этой статье мы расскажем вам, как сохранить здравый смысл и выжить в мире, где бумаги больше, чем идей. Узнайте, как организовать свою работу и избежать бесконечных отчётов! 💼🤯",
      "thumbnail": "images/thumbnails/2024/06/06/labyrinth_of_laws.jpeg",
      "status": "published",
      "time_create": "2024-06-03T18:49:53.293Z",
      "time_update": "2024-06-13T10:43:11.490Z",
      "author": 2,
      "updater": null,
      "fixed": false,
      "category": 2
    }
  },
  {
    "model": "blog.article",
    "pk": 8,
    "fields": {
      "title": "Вечный лабиринт: как разобраться в мире законов и правил? 🌀🗺️",
      "slug": "eternal-maze-how-to-navigate-the-world-of-laws-and-regulations",
      "short_description": "Погрузитесь в мир, где законы такие законы, и не поймёшь, пока не заплутаешь! 🤔📜",
      "full_description": "Законы и правила - это настоящий лабиринт, но не отчаивайтесь! В этой статье мы расскажем вам, как разобраться в мире законов и правил. Узнайте, как избежать запутывания и успешно навигировать в этом вечном лабиринте! 🌀🗺️",
      "thumbnail": "images/thumbnails/2024/06/06/confusing_laws.jpeg",
      "status": "published",
      "time_create": "2024-06-03T18:50:43.122Z",
      "time_update": "2024-06-13T10:42:58.865Z",
      "author": 2,
      "updater": null,
      "fixed": false,
      "category": 2
    }
  },
  {
    "model": "blog.article",
    "pk": 9,
    "fields": {
      "title": "Объект против возражения: как выиграть судебную битву? ⚖️📢",
      "slug": "objection-overruled-how-to-win-the-legal-battle",
      "short_description": "Узнайте, как выступить в суде и добиться своей победы в битве за справедливость! 👨‍⚖️💥",
      "full_description": "Судебные прения могут быть настоящей битвой, но не отчаивайтесь! В этой статье мы расскажем вам, как выступить в суде и добиться своей победы в битве за справедливость. Узнайте, как правильно формулировать аргументы и убедить судью в своей правоте! ⚖️📢",
      "thumbnail": "images/thumbnails/2024/06/06/justice_in_court.jpeg",
      "status": "published",
      "time_create": "2024-06-03T18:51:38.975Z",
      "time_update": "2024-06-20T16:01:27.294Z",
      "author": 2,
      "updater": 1,
      "fixed": false,
      "category": 2
    }
  },
  {
    "model": "blog.comment",
    "pk": 1,
    "fields": {
      "article": 1,
      "author": 4,
      "content": "Really Cool!!!",
      "time_create": "2024-06-11T12:59:11.877Z",
      "time_update": "2024-06-11T12:59:11.877Z",
      "status": "published",
      "parent": null,
      "lft": 1,
      "rght": 4,
      "tree_id": 1,
      "level": 0
    }
  },
  {
    "model": "blog.comment",
    "pk": 2,
    "fields": {
      "article": 1,
      "author": 3,
      "content": "Very interesting material!",
      "time_create": "2024-06-11T13:00:21.172Z",
      "time_update": "2024-06-11T13:00:21.172Z",
      "status": "published",
      "parent": null,
      "lft": 1,
      "rght": 2,
      "tree_id": 2,
      "level": 0
    }
  },
  {
    "model": "blog.comment",
    "pk": 3,
    "fields": {
      "article": 1,
      "author": 3,
      "content": "You are right",
      "time_create": "2024-06-11T13:01:06.376Z",
      "time_update": "2024-06-11T13:01:06.377Z",
      "status": "published",
      "parent": 1,
      "lft": 2,
      "rght": 3,
      "tree_id": 1,
      "level": 1
    }
  },
  {
    "model": "blog.comment",
    "pk": 6,
    "fields": {
      "article": 3,
      "author": 4,
      "content": "It's truly a million dollar art!!!",
      "time_create": "2024-06-12T09:24:54.642Z",
      "time_update": "2024-06-20T16:18:55.236Z",
      "status": "published",
      "parent": null,
      "lft": 1,
      "rght": 8,
      "tree_id": 3,
      "level": 0
    }
  },
  {
    "model": "blog.comment",
    "pk": 7,
    "fields": {
      "article": 3,
      "author": 1,
      "content": "I support you 100%. You're really right!!!!",
      "time_create": "2024-06-12T09:25:27.958Z",
      "time_update": "2024-06-20T16:20:13.188Z",
      "status": "published",
      "parent": 6,
      "lft": 2,
      "rght": 7,
      "tree_id": 3,
      "level": 1
    }
  },
  {
    "model": "blog.comment",
    "pk": 9,
    "fields": {
      "article": 2,
      "author": 1,
      "content": "Bitcoin is cool bitcoins are cool.",
      "time_create": "2024-06-12T13:06:28.951Z",
      "time_update": "2024-06-20T16:25:46.451Z",
      "status": "published",
      "parent": null,
      "lft": 1,
      "rght": 2,
      "tree_id": 6,
      "level": 0
    }
  },
  {
    "model": "system.profile",
    "pk": 1,
    "fields": {
      "user": 1,
      "slug": "root",
      "avatar": "images/avatars/2024/06/09/10.png",
      "bio": "Really Cool!!!!",
      "birth_date": "2024-06-09"
    }
  },
  {
    "model": "system.profile",
    "pk": 2,
    "fields": {
      "user": 3,
      "slug": "visitor",
      "avatar": "images/avatars/2024/06/09/9.png",
      "bio": "It's just cool.",
      "birth_date": "2024-06-04"
    }
  },
  {
    "model": "system.profile",
    "pk": 3,
    "fields": {
      "user": 2,
      "slug": "ruser",
      "avatar": "images/avatars/2024/06/09/8.png",
      "bio": "Vanka stands up.",
      "birth_date": "2023-03-24"
    }
  },
  {
    "model": "system.profile",
    "pk": 4,
    "fields": {
      "user": 4,
      "slug": "pupok",
      "avatar": "images/avatars/2024/06/20/9.png",
      "bio": "Я маленький но крутой пупок....",
      "birth_date": "2024-06-20"
    }
  }
]