[
  {
    "model": "admin.logentry",
    "pk": 1,
    "fields": {
      "action_time": "2024-06-03T18:10:06.657Z",
      "user": 1,
      "content_type": 7,
      "object_id": "1",
      "object_repr": "Программирование",
      "action_flag": 1,
      "change_message": "[{\"added\": {}}]"
    }
  },
  {
    "model": "admin.logentry",
    "pk": 2,
    "fields": {
      "action_time": "2024-06-03T18:11:03.452Z",
      "user": 1,
      "content_type": 7,
      "object_id": "2",
      "object_repr": "Юридические штуки",
      "action_flag": 1,
      "change_message": "[{\"added\": {}}]"
    }
  },
  {
    "model": "admin.logentry",
    "pk": 3,
    "fields": {
      "action_time": "2024-06-03T18:12:28.175Z",
      "user": 1,
      "content_type": 7,
      "object_id": "3",
      "object_repr": "Криптомир",
      "action_flag": 1,
      "change_message": "[{\"added\": {}}]"
    }
  },
  {
    "model": "admin.logentry",
    "pk": 4,
    "fields": {
      "action_time": "2024-06-03T18:12:50.884Z",
      "user": 1,
      "content_type": 7,
      "object_id": "1",
      "object_repr": "💻 Программирование",
      "action_flag": 2,
      "change_message": "[{\"changed\": {\"fields\": [\"\\u041d\\u0430\\u0437\\u0432\\u0430\\u043d\\u0438\\u0435 \\u043a\\u0430\\u0442\\u0435\\u0433\\u043e\\u0440\\u0438\\u0438\", \"\\u041e\\u043f\\u0438\\u0441\\u0430\\u043d\\u0438\\u0435 \\u043a\\u0430\\u0442\\u0435\\u0433\\u043e\\u0440\\u0438\\u0438\"]}}]"
    }
  },
  {
    "model": "admin.logentry",
    "pk": 5,
    "fields": {
      "action_time": "2024-06-03T18:12:58.082Z",
      "user": 1,
      "content_type": 7,
      "object_id": "1",
      "object_repr": "💻  Программирование",
      "action_flag": 2,
      "change_message": "[{\"changed\": {\"fields\": [\"\\u041d\\u0430\\u0437\\u0432\\u0430\\u043d\\u0438\\u0435 \\u043a\\u0430\\u0442\\u0435\\u0433\\u043e\\u0440\\u0438\\u0438\"]}}]"
    }
  },
  {
    "model": "admin.logentry",
    "pk": 6,
    "fields": {
      "action_time": "2024-06-03T18:13:14.112Z",
      "user": 1,
      "content_type": 7,
      "object_id": "1",
      "object_repr": "Программирование",
      "action_flag": 2,
      "change_message": "[{\"changed\": {\"fields\": [\"\\u041d\\u0430\\u0437\\u0432\\u0430\\u043d\\u0438\\u0435 \\u043a\\u0430\\u0442\\u0435\\u0433\\u043e\\u0440\\u0438\\u0438\"]}}]"
    }
  },
  {
    "model": "admin.logentry",
    "pk": 7,
    "fields": {
      "action_time": "2024-06-03T18:14:20.976Z",
      "user": 1,
      "content_type": 7,
      "object_id": "4",
      "object_repr": "Иногда слёзы",
      "action_flag": 1,
      "change_message": "[{\"added\": {}}]"
    }
  },
  {
    "model": "admin.logentry",
    "pk": 8,
    "fields": {
      "action_time": "2024-06-03T18:15:22.519Z",
      "user": 1,
      "content_type": 7,
      "object_id": "5",
      "object_repr": "Хорошо, но не очень",
      "action_flag": 1,
      "change_message": "[{\"added\": {}}]"
    }
  },
  {
    "model": "admin.logentry",
    "pk": 9,
    "fields": {
      "action_time": "2024-06-03T18:16:13.191Z",
      "user": 1,
      "content_type": 7,
      "object_id": "6",
      "object_repr": "Кофе решает всё",
      "action_flag": 1,
      "change_message": "[{\"added\": {}}]"
    }
  },
  {
    "model": "admin.logentry",
    "pk": 10,
    "fields": {
      "action_time": "2024-06-03T18:16:33.284Z",
      "user": 1,
      "content_type": 7,
      "object_id": "5",
      "object_repr": "Хорошо, но не очень",
      "action_flag": 2,
      "change_message": "[{\"changed\": {\"fields\": [\"URL \\u043a\\u0430\\u0442\\u0435\\u0433\\u043e\\u0440\\u0438\\u0438\"]}}]"
    }
  },
  {
    "model": "admin.logentry",
    "pk": 11,
    "fields": {
      "action_time": "2024-06-03T18:16:51.429Z",
      "user": 1,
      "content_type": 7,
      "object_id": "4",
      "object_repr": "Иногда слёзы",
      "action_flag": 2,
      "change_message": "[{\"changed\": {\"fields\": [\"URL \\u043a\\u0430\\u0442\\u0435\\u0433\\u043e\\u0440\\u0438\\u0438\"]}}]"
    }
  },
  {
    "model": "admin.logentry",
    "pk": 12,
    "fields": {
      "action_time": "2024-06-03T18:17:17.996Z",
      "user": 1,
      "content_type": 7,
      "object_id": "2",
      "object_repr": "Юридические штуки",
      "action_flag": 2,
      "change_message": "[{\"changed\": {\"fields\": [\"\\u041e\\u043f\\u0438\\u0441\\u0430\\u043d\\u0438\\u0435 \\u043a\\u0430\\u0442\\u0435\\u0433\\u043e\\u0440\\u0438\\u0438\"]}}]"
    }
  },
  {
    "model": "admin.logentry",
    "pk": 13,
    "fields": {
      "action_time": "2024-06-03T18:17:59.951Z",
      "user": 1,
      "content_type": 7,
      "object_id": "7",
      "object_repr": "Вечный лабиринт",
      "action_flag": 1,
      "change_message": "[{\"added\": {}}]"
    }
  },
  {
    "model": "admin.logentry",
    "pk": 14,
    "fields": {
      "action_time": "2024-06-03T18:18:44.519Z",
      "user": 1,
      "content_type": 7,
      "object_id": "8",
      "object_repr": "Объект против возражения",
      "action_flag": 1,
      "change_message": "[{\"added\": {}}]"
    }
  },
  {
    "model": "admin.logentry",
    "pk": 15,
    "fields": {
      "action_time": "2024-06-03T18:19:29.164Z",
      "user": 1,
      "content_type": 7,
      "object_id": "9",
      "object_repr": "Бесконечные отчёты",
      "action_flag": 1,
      "change_message": "[{\"added\": {}}]"
    }
  },
  {
    "model": "admin.logentry",
    "pk": 16,
    "fields": {
      "action_time": "2024-06-03T18:20:06.300Z",
      "user": 1,
      "content_type": 7,
      "object_id": "2",
      "object_repr": "Юридические штуки",
      "action_flag": 2,
      "change_message": "[{\"changed\": {\"fields\": [\"URL \\u043a\\u0430\\u0442\\u0435\\u0433\\u043e\\u0440\\u0438\\u0438\"]}}]"
    }
  },
  {
    "model": "admin.logentry",
    "pk": 17,
    "fields": {
      "action_time": "2024-06-03T18:20:35.018Z",
      "user": 1,
      "content_type": 7,
      "object_id": "3",
      "object_repr": "Криптомир",
      "action_flag": 2,
      "change_message": "[{\"changed\": {\"fields\": [\"URL \\u043a\\u0430\\u0442\\u0435\\u0433\\u043e\\u0440\\u0438\\u0438\", \"\\u041e\\u043f\\u0438\\u0441\\u0430\\u043d\\u0438\\u0435 \\u043a\\u0430\\u0442\\u0435\\u0433\\u043e\\u0440\\u0438\\u0438\"]}}]"
    }
  },
  {
    "model": "admin.logentry",
    "pk": 18,
    "fields": {
      "action_time": "2024-06-03T18:21:15.135Z",
      "user": 1,
      "content_type": 7,
      "object_id": "10",
      "object_repr": "Пик или пропасть?",
      "action_flag": 1,
      "change_message": "[{\"added\": {}}]"
    }
  },
  {
    "model": "admin.logentry",
    "pk": 19,
    "fields": {
      "action_time": "2024-06-03T18:21:53.587Z",
      "user": 1,
      "content_type": 7,
      "object_id": "11",
      "object_repr": "Что за звери?",
      "action_flag": 1,
      "change_message": "[{\"added\": {}}]"
    }
  },
  {
    "model": "admin.logentry",
    "pk": 20,
    "fields": {
      "action_time": "2024-06-03T18:22:33.286Z",
      "user": 1,
      "content_type": 7,
      "object_id": "12",
      "object_repr": "Картинки за миллионы",
      "action_flag": 1,
      "change_message": "[{\"added\": {}}]"
    }
  },
  {
    "model": "admin.logentry",
    "pk": 21,
    "fields": {
      "action_time": "2024-06-03T18:31:21.555Z",
      "user": 1,
      "content_type": 8,
      "object_id": "1",
      "object_repr": "10 странных фактов о криптозверях 🦄👾",
      "action_flag": 1,
      "change_message": "[{\"added\": {}}]"
    }
  },
  {
    "model": "admin.logentry",
    "pk": 22,
    "fields": {
      "action_time": "2024-06-03T18:36:03.673Z",
      "user": 1,
      "content_type": 8,
      "object_id": "2",
      "object_repr": "Пик или пропасть? Ваш гид в мире биткойнов 📈📉",
      "action_flag": 1,
      "change_message": "[{\"added\": {}}]"
    }
  },
  {
    "model": "admin.logentry",
    "pk": 23,
    "fields": {
      "action_time": "2024-06-03T18:38:31.937Z",
      "user": 1,
      "content_type": 8,
      "object_id": "3",
      "object_repr": "Картинки за миллионы: искусство или чудо? 🖼️💰",
      "action_flag": 1,
      "change_message": "[{\"added\": {}}]"
    }
  },
  {
    "model": "admin.logentry",
    "pk": 24,
    "fields": {
      "action_time": "2024-06-03T18:38:54.493Z",
      "user": 1,
      "content_type": 8,
      "object_id": "2",
      "object_repr": "Пик или пропасть? Ваш гид в мире биткойнов 📈📉",
      "action_flag": 2,
      "change_message": "[]"
    }
  },
  {
    "model": "admin.logentry",
    "pk": 25,
    "fields": {
      "action_time": "2024-06-03T18:39:11.808Z",
      "user": 1,
      "content_type": 8,
      "object_id": "2",
      "object_repr": "Пик или пропасть? Ваш гид в мире биткойнов 📈📉",
      "action_flag": 2,
      "change_message": "[]"
    }
  },
  {
    "model": "admin.logentry",
    "pk": 26,
    "fields": {
      "action_time": "2024-06-03T18:39:38.333Z",
      "user": 1,
      "content_type": 8,
      "object_id": "1",
      "object_repr": "10 странных фактов о криптозверях 🦄👾",
      "action_flag": 2,
      "change_message": "[]"
    }
  },
  {
    "model": "admin.logentry",
    "pk": 27,
    "fields": {
      "action_time": "2024-06-03T18:44:35.815Z",
      "user": 1,
      "content_type": 8,
      "object_id": "4",
      "object_repr": "Иногда слёзы: как справиться с кодом и дедлайном? 😭",
      "action_flag": 1,
      "change_message": "[{\"added\": {}}]"
    }
  },
  {
    "model": "admin.logentry",
    "pk": 28,
    "fields": {
      "action_time": "2024-06-03T18:45:39.244Z",
      "user": 1,
      "content_type": 8,
      "object_id": "5",
      "object_repr": "Кофе решает всё: секрет успеха программиста! ☕💪",
      "action_flag": 1,
      "change_message": "[{\"added\": {}}]"
    }
  },
  {
    "model": "admin.logentry",
    "pk": 29,
    "fields": {
      "action_time": "2024-06-03T18:46:50.460Z",
      "user": 1,
      "content_type": 8,
      "object_id": "6",
      "object_repr": "Хорошо, но не очень: как не запутаться в паттернах проектирования? 🤔",
      "action_flag": 1,
      "change_message": "[{\"added\": {}}]"
    }
  },
  {
    "model": "admin.logentry",
    "pk": 30,
    "fields": {
      "action_time": "2024-06-03T18:49:53.295Z",
      "user": 1,
      "content_type": 8,
      "object_id": "7",
      "object_repr": "Бесконечные отчёты: как выжить в мире юриспруденции? 📚📝",
      "action_flag": 1,
      "change_message": "[{\"added\": {}}]"
    }
  },
  {
    "model": "admin.logentry",
    "pk": 31,
    "fields": {
      "action_time": "2024-06-03T18:50:43.123Z",
      "user": 1,
      "content_type": 8,
      "object_id": "8",
      "object_repr": "Вечный лабиринт: как разобраться в мире законов и правил? 🌀🗺️",
      "action_flag": 1,
      "change_message": "[{\"added\": {}}]"
    }
  },
  {
    "model": "admin.logentry",
    "pk": 32,
    "fields": {
      "action_time": "2024-06-03T18:51:38.976Z",
      "user": 1,
      "content_type": 8,
      "object_id": "9",
      "object_repr": "Объект против возражения: как выиграть судебную битву? ⚖️📢",
      "action_flag": 1,
      "change_message": "[{\"added\": {}}]"
    }
  },
  {
    "model": "admin.logentry",
    "pk": 33,
    "fields": {
      "action_time": "2024-06-06T10:31:24.340Z",
      "user": 1,
      "content_type": 8,
      "object_id": "8",
      "object_repr": "Вечный лабиринт: как разобраться в мире законов и правил? 🌀🗺️",
      "action_flag": 2,
      "change_message": "[{\"changed\": {\"fields\": [\"\\u041f\\u0440\\u0435\\u0432\\u044c\\u044e \\u043f\\u043e\\u0441\\u0442\\u0430\"]}}]"
    }
  },
  {
    "model": "admin.logentry",
    "pk": 34,
    "fields": {
      "action_time": "2024-06-06T10:31:33.895Z",
      "user": 1,
      "content_type": 8,
      "object_id": "9",
      "object_repr": "Объект против возражения: как выиграть судебную битву? ⚖️📢",
      "action_flag": 2,
      "change_message": "[{\"changed\": {\"fields\": [\"\\u041f\\u0440\\u0435\\u0432\\u044c\\u044e \\u043f\\u043e\\u0441\\u0442\\u0430\"]}}]"
    }
  },
  {
    "model": "admin.logentry",
    "pk": 35,
    "fields": {
      "action_time": "2024-06-06T10:40:21.198Z",
      "user": 1,
      "content_type": 8,
      "object_id": "6",
      "object_repr": "Хорошо, но не очень: как не запутаться в паттернах проектирования? 🤔",
      "action_flag": 2,
      "change_message": "[{\"changed\": {\"fields\": [\"\\u041f\\u0440\\u0435\\u0432\\u044c\\u044e \\u043f\\u043e\\u0441\\u0442\\u0430\"]}}]"
    }
  },
  {
    "model": "admin.logentry",
    "pk": 36,
    "fields": {
      "action_time": "2024-06-06T10:40:36.480Z",
      "user": 1,
      "content_type": 8,
      "object_id": "7",
      "object_repr": "Бесконечные отчёты: как выжить в мире юриспруденции? 📚📝",
      "action_flag": 2,
      "change_message": "[{\"changed\": {\"fields\": [\"\\u041f\\u0440\\u0435\\u0432\\u044c\\u044e \\u043f\\u043e\\u0441\\u0442\\u0430\"]}}]"
    }
  },
  {
    "model": "admin.logentry",
    "pk": 37,
    "fields": {
      "action_time": "2024-06-06T10:55:29.954Z",
      "user": 1,
      "content_type": 8,
      "object_id": "5",
      "object_repr": "Кофе решает всё: секрет успеха программиста! ☕💪",
      "action_flag": 2,
      "change_message": "[{\"changed\": {\"fields\": [\"\\u041f\\u0440\\u0435\\u0432\\u044c\\u044e \\u043f\\u043e\\u0441\\u0442\\u0430\"]}}]"
    }
  },
  {
    "model": "admin.logentry",
    "pk": 38,
    "fields": {
      "action_time": "2024-06-06T11:00:40.960Z",
      "user": 1,
      "content_type": 8,
      "object_id": "4",
      "object_repr": "Иногда слёзы: как справиться с кодом и дедлайном? 😭",
      "action_flag": 2,
      "change_message": "[{\"changed\": {\"fields\": [\"\\u041f\\u0440\\u0435\\u0432\\u044c\\u044e \\u043f\\u043e\\u0441\\u0442\\u0430\"]}}]"
    }
  },
  {
    "model": "admin.logentry",
    "pk": 39,
    "fields": {
      "action_time": "2024-06-06T11:03:01.850Z",
      "user": 1,
      "content_type": 8,
      "object_id": "3",
      "object_repr": "Картинки за миллионы: искусство или чудо? 🖼️💰",
      "action_flag": 2,
      "change_message": "[{\"changed\": {\"fields\": [\"\\u041f\\u0440\\u0435\\u0432\\u044c\\u044e \\u043f\\u043e\\u0441\\u0442\\u0430\"]}}]"
    }
  },
  {
    "model": "admin.logentry",
    "pk": 40,
    "fields": {
      "action_time": "2024-06-06T11:04:17.605Z",
      "user": 1,
      "content_type": 8,
      "object_id": "2",
      "object_repr": "Пик или пропасть? Ваш гид в мире биткойнов 📈📉",
      "action_flag": 2,
      "change_message": "[{\"changed\": {\"fields\": [\"\\u041f\\u0440\\u0435\\u0432\\u044c\\u044e \\u043f\\u043e\\u0441\\u0442\\u0430\"]}}]"
    }
  },
  {
    "model": "admin.logentry",
    "pk": 41,
    "fields": {
      "action_time": "2024-06-06T11:05:30.436Z",
      "user": 1,
      "content_type": 8,
      "object_id": "1",
      "object_repr": "10 странных фактов о криптозверях 🦄👾",
      "action_flag": 2,
      "change_message": "[{\"changed\": {\"fields\": [\"\\u041f\\u0440\\u0435\\u0432\\u044c\\u044e \\u043f\\u043e\\u0441\\u0442\\u0430\"]}}]"
    }
  },
  {
    "model": "admin.logentry",
    "pk": 42,
    "fields": {
      "action_time": "2024-06-06T14:22:14.434Z",
      "user": 1,
      "content_type": 8,
      "object_id": "9",
      "object_repr": "Объект против возражения: как выиграть судебную битву? ⚖️📢",
      "action_flag": 2,
      "change_message": "[{\"changed\": {\"fields\": [\"\\u0410\\u0432\\u0442\\u043e\\u0440\"]}}]"
    }
  },
  {
    "model": "admin.logentry",
    "pk": 43,
    "fields": {
      "action_time": "2024-06-06T14:22:24.806Z",
      "user": 1,
      "content_type": 8,
      "object_id": "8",
      "object_repr": "Вечный лабиринт: как разобраться в мире законов и правил? 🌀🗺️",
      "action_flag": 2,
      "change_message": "[{\"changed\": {\"fields\": [\"\\u0410\\u0432\\u0442\\u043e\\u0440\"]}}]"
    }
  },
  {
    "model": "admin.logentry",
    "pk": 44,
    "fields": {
      "action_time": "2024-06-06T14:22:32.057Z",
      "user": 1,
      "content_type": 8,
      "object_id": "7",
      "object_repr": "Бесконечные отчёты: как выжить в мире юриспруденции? 📚📝",
      "action_flag": 2,
      "change_message": "[{\"changed\": {\"fields\": [\"\\u0410\\u0432\\u0442\\u043e\\u0440\"]}}]"
    }
  },
  {
    "model": "admin.logentry",
    "pk": 45,
    "fields": {
      "action_time": "2024-06-06T14:22:47.503Z",
      "user": 1,
      "content_type": 8,
      "object_id": "3",
      "object_repr": "Картинки за миллионы: искусство или чудо? 🖼️💰",
      "action_flag": 2,
      "change_message": "[{\"changed\": {\"fields\": [\"\\u0410\\u0432\\u0442\\u043e\\u0440\"]}}]"
    }
  },
  {
    "model": "admin.logentry",
    "pk": 46,
    "fields": {
      "action_time": "2024-06-06T14:22:53.449Z",
      "user": 1,
      "content_type": 8,
      "object_id": "2",
      "object_repr": "Пик или пропасть? Ваш гид в мире биткойнов 📈📉",
      "action_flag": 2,
      "change_message": "[{\"changed\": {\"fields\": [\"\\u0410\\u0432\\u0442\\u043e\\u0440\"]}}]"
    }
  },
  {
    "model": "admin.logentry",
    "pk": 47,
    "fields": {
      "action_time": "2024-06-06T14:23:06.552Z",
      "user": 1,
      "content_type": 8,
      "object_id": "1",
      "object_repr": "10 странных фактов о криптозверях 🦄👾",
      "action_flag": 2,
      "change_message": "[{\"changed\": {\"fields\": [\"\\u0410\\u0432\\u0442\\u043e\\u0440\"]}}]"
    }
  },
  {
    "model": "admin.logentry",
    "pk": 48,
    "fields": {
      "action_time": "2024-06-09T07:12:18.146Z",
      "user": 1,
      "content_type": 8,
      "object_id": "9",
      "object_repr": "Объект против возражения: как выиграть судебную битву? ⚖️📢",
      "action_flag": 2,
      "change_message": "[{\"changed\": {\"fields\": [\"\\u0421\\u0442\\u0430\\u0442\\u0443\\u0441 \\u043f\\u043e\\u0441\\u0442\\u0430\"]}}]"
    }
  },
  {
    "model": "admin.logentry",
    "pk": 49,
    "fields": {
      "action_time": "2024-06-09T09:29:25.372Z",
      "user": 1,
      "content_type": 9,
      "object_id": "1",
      "object_repr": "root",
      "action_flag": 2,
      "change_message": "[]"
    }
  },
  {
    "model": "admin.logentry",
    "pk": 50,
    "fields": {
      "action_time": "2024-06-09T09:29:53.432Z",
      "user": 1,
      "content_type": 9,
      "object_id": "1",
      "object_repr": "root",
      "action_flag": 2,
      "change_message": "[{\"changed\": {\"fields\": [\"\\u0410\\u0432\\u0430\\u0442\\u0430\\u0440\", \"\\u0418\\u043d\\u0444\\u043e\\u0440\\u043c\\u0430\\u0446\\u0438\\u044f \\u043e \\u0441\\u0435\\u0431\\u0435\", \"\\u0414\\u0430\\u0442\\u0430 \\u0440\\u043e\\u0436\\u0434\\u0435\\u043d\\u0438\\u044f\"]}}]"
    }
  },
  {
    "model": "admin.logentry",
    "pk": 51,
    "fields": {
      "action_time": "2024-06-09T09:30:01.786Z",
      "user": 1,
      "content_type": 9,
      "object_id": "1",
      "object_repr": "root",
      "action_flag": 2,
      "change_message": "[]"
    }
  },
  {
    "model": "admin.logentry",
    "pk": 52,
    "fields": {
      "action_time": "2024-06-09T09:36:31.247Z",
      "user": 1,
      "content_type": 9,
      "object_id": "2",
      "object_repr": "visitor",
      "action_flag": 1,
      "change_message": "[{\"added\": {}}]"
    }
  },
  {
    "model": "admin.logentry",
    "pk": 53,
    "fields": {
      "action_time": "2024-06-09T09:38:08.575Z",
      "user": 1,
      "content_type": 9,
      "object_id": "3",
      "object_repr": "гuser",
      "action_flag": 1,
      "change_message": "[{\"added\": {}}]"
    }
  },
  {
    "model": "admin.logentry",
    "pk": 54,
    "fields": {
      "action_time": "2024-06-10T09:24:20.475Z",
      "user": 1,
      "content_type": 8,
      "object_id": "9",
      "object_repr": "Объект против возражения: как выиграть судебную битву? ⚖️📢",
      "action_flag": 2,
      "change_message": "[{\"changed\": {\"fields\": [\"\\u0421\\u0442\\u0430\\u0442\\u0443\\u0441 \\u043f\\u043e\\u0441\\u0442\\u0430\", \"\\u041e\\u0431\\u043d\\u043e\\u0432\\u0438\\u043b\"]}}]"
    }
  },
  {
    "model": "admin.logentry",
    "pk": 55,
    "fields": {
      "action_time": "2024-06-11T07:27:13.505Z",
      "user": 1,
      "content_type": 10,
      "object_id": "1",
      "object_repr": "127.0.0.1:8000/",
      "action_flag": 2,
      "change_message": "[{\"changed\": {\"fields\": [\"Domain name\", \"Display name\"]}}]"
    }
  },
  {
    "model": "admin.logentry",
    "pk": 56,
    "fields": {
      "action_time": "2024-06-11T07:27:36.009Z",
      "user": 1,
      "content_type": 10,
      "object_id": "1",
      "object_repr": "127.0.0.1:8000",
      "action_flag": 2,
      "change_message": "[{\"changed\": {\"fields\": [\"Domain name\", \"Display name\"]}}]"
    }
  },
  {
    "model": "admin.logentry",
    "pk": 57,
    "fields": {
      "action_time": "2024-06-11T12:59:11.877Z",
      "user": 1,
      "content_type": 11,
      "object_id": "1",
      "object_repr": "pupok:Really Cool!!!",
      "action_flag": 1,
      "change_message": "[{\"added\": {}}]"
    }
  },
  {
    "model": "admin.logentry",
    "pk": 58,
    "fields": {
      "action_time": "2024-06-11T13:00:21.174Z",
      "user": 1,
      "content_type": 11,
      "object_id": "2",
      "object_repr": "visitor:Very interesting material!",
      "action_flag": 1,
      "change_message": "[{\"added\": {}}]"
    }
  },
  {
    "model": "admin.logentry",
    "pk": 59,
    "fields": {
      "action_time": "2024-06-11T13:01:06.377Z",
      "user": 1,
      "content_type": 11,
      "object_id": "3",
      "object_repr": "visitor:You are right",
      "action_flag": 1,
      "change_message": "[{\"added\": {}}]"
    }
  },
  {
    "model": "admin.logentry",
    "pk": 60,
    "fields": {
      "action_time": "2024-06-11T13:56:19.092Z",
      "user": 1,
      "content_type": 11,
      "object_id": "4",
      "object_repr": "root:рукр46р",
      "action_flag": 3,
      "change_message": ""
    }
  },
  {
    "model": "admin.logentry",
    "pk": 61,
    "fields": {
      "action_time": "2024-06-11T13:56:19.099Z",
      "user": 1,
      "content_type": 11,
      "object_id": "5",
      "object_repr": "root:у6ру46р",
      "action_flag": 3,
      "change_message": ""
    }
  },
  {
    "model": "admin.logentry",
    "pk": 62,
    "fields": {
      "action_time": "2024-06-11T13:57:00.174Z",
      "user": 1,
      "content_type": 8,
      "object_id": "11",
      "object_repr": "уепу",
      "action_flag": 3,
      "change_message": ""
    }
  },
  {
    "model": "admin.logentry",
    "pk": 63,
    "fields": {
      "action_time": "2024-06-11T13:57:00.176Z",
      "user": 1,
      "content_type": 8,
      "object_id": "10",
      "object_repr": "Тестовый заголовок №1",
      "action_flag": 3,
      "change_message": ""
    }
  },
  {
    "model": "admin.logentry",
    "pk": 64,
    "fields": {
      "action_time": "2024-06-12T09:13:55.725Z",
      "user": 1,
      "content_type": 8,
      "object_id": "13",
      "object_repr": "Тестовый заголовок №2",
      "action_flag": 1,
      "change_message": "[{\"added\": {}}]"
    }
  },
  {
    "model": "admin.logentry",
    "pk": 65,
    "fields": {
      "action_time": "2024-06-12T09:24:54.643Z",
      "user": 1,
      "content_type": 11,
      "object_id": "6",
      "object_repr": "pupok:COOL",
      "action_flag": 1,
      "change_message": "[{\"added\": {}}]"
    }
  },
  {
    "model": "admin.logentry",
    "pk": 66,
    "fields": {
      "action_time": "2024-06-12T09:25:27.959Z",
      "user": 1,
      "content_type": 11,
      "object_id": "7",
      "object_repr": "root:Really cool!",
      "action_flag": 1,
      "change_message": "[{\"added\": {}}]"
    }
  },
  {
    "model": "admin.logentry",
    "pk": 67,
    "fields": {
      "action_time": "2024-06-13T10:23:03.713Z",
      "user": 1,
      "content_type": 8,
      "object_id": "12",
      "object_repr": "Тестовый заголовок №1",
      "action_flag": 2,
      "change_message": "[{\"changed\": {\"fields\": [\"Tags\"]}}]"
    }
  },
  {
    "model": "admin.logentry",
    "pk": 68,
    "fields": {
      "action_time": "2024-06-13T10:23:11.344Z",
      "user": 1,
      "content_type": 8,
      "object_id": "13",
      "object_repr": "Тестовый заголовок №2",
      "action_flag": 2,
      "change_message": "[{\"changed\": {\"fields\": [\"Tags\"]}}]"
    }
  },
  {
    "model": "admin.logentry",
    "pk": 69,
    "fields": {
      "action_time": "2024-06-13T10:36:27.964Z",
      "user": 1,
      "content_type": 8,
      "object_id": "9",
      "object_repr": "Объект против возражения: как выиграть судебную битву? ⚖️📢",
      "action_flag": 2,
      "change_message": "[{\"changed\": {\"fields\": [\"\\u041a\\u0430\\u0442\\u0435\\u0433\\u043e\\u0440\\u0438\\u044f\", \"Tags\"]}}]"
    }
  },
  {
    "model": "admin.logentry",
    "pk": 70,
    "fields": {
      "action_time": "2024-06-13T10:37:36.840Z",
      "user": 1,
      "content_type": 8,
      "object_id": "8",
      "object_repr": "Вечный лабиринт: как разобраться в мире законов и правил? 🌀🗺️",
      "action_flag": 2,
      "change_message": "[{\"changed\": {\"fields\": [\"\\u041a\\u0430\\u0442\\u0435\\u0433\\u043e\\u0440\\u0438\\u044f\", \"Tags\"]}}]"
    }
  },
  {
    "model": "admin.logentry",
    "pk": 71,
    "fields": {
      "action_time": "2024-06-13T10:38:33.987Z",
      "user": 1,
      "content_type": 8,
      "object_id": "7",
      "object_repr": "Бесконечные отчёты: как выжить в мире юриспруденции? 📚📝",
      "action_flag": 2,
      "change_message": "[{\"changed\": {\"fields\": [\"\\u041a\\u0430\\u0442\\u0435\\u0433\\u043e\\u0440\\u0438\\u044f\", \"Tags\"]}}]"
    }
  },
  {
    "model": "admin.logentry",
    "pk": 72,
    "fields": {
      "action_time": "2024-06-13T10:40:08.647Z",
      "user": 1,
      "content_type": 8,
      "object_id": "6",
      "object_repr": "Хорошо, но не очень: как не запутаться в паттернах проектирования? 🤔",
      "action_flag": 2,
      "change_message": "[{\"changed\": {\"fields\": [\"\\u041a\\u0430\\u0442\\u0435\\u0433\\u043e\\u0440\\u0438\\u044f\", \"Tags\"]}}]"
    }
  },
  {
    "model": "admin.logentry",
    "pk": 73,
    "fields": {
      "action_time": "2024-06-13T10:40:55.139Z",
      "user": 1,
      "content_type": 8,
      "object_id": "5",
      "object_repr": "Кофе решает всё: секрет успеха программиста! ☕💪",
      "action_flag": 2,
      "change_message": "[{\"changed\": {\"fields\": [\"\\u041a\\u0430\\u0442\\u0435\\u0433\\u043e\\u0440\\u0438\\u044f\", \"Tags\"]}}]"
    }
  },
  {
    "model": "admin.logentry",
    "pk": 74,
    "fields": {
      "action_time": "2024-06-13T10:41:16.047Z",
      "user": 1,
      "content_type": 8,
      "object_id": "6",
      "object_repr": "Хорошо, но не очень: как не запутаться в паттернах проектирования? 🤔",
      "action_flag": 2,
      "change_message": "[{\"changed\": {\"fields\": [\"Tags\"]}}]"
    }
  },
  {
    "model": "admin.logentry",
    "pk": 75,
    "fields": {
      "action_time": "2024-06-13T10:42:13.690Z",
      "user": 1,
      "content_type": 8,
      "object_id": "4",
      "object_repr": "Иногда слёзы: как справиться с кодом и дедлайном? 😭",
      "action_flag": 2,
      "change_message": "[{\"changed\": {\"fields\": [\"\\u041a\\u0430\\u0442\\u0435\\u0433\\u043e\\u0440\\u0438\\u044f\", \"Tags\"]}}]"
    }
  },
  {
    "model": "admin.logentry",
    "pk": 76,
    "fields": {
      "action_time": "2024-06-13T10:42:50.769Z",
      "user": 1,
      "content_type": 8,
      "object_id": "9",
      "object_repr": "Объект против возражения: как выиграть судебную битву? ⚖️📢",
      "action_flag": 2,
      "change_message": "[{\"changed\": {\"fields\": [\"Tags\"]}}]"
    }
  },
  {
    "model": "admin.logentry",
    "pk": 77,
    "fields": {
      "action_time": "2024-06-13T10:42:58.870Z",
      "user": 1,
      "content_type": 8,
      "object_id": "8",
      "object_repr": "Вечный лабиринт: как разобраться в мире законов и правил? 🌀🗺️",
      "action_flag": 2,
      "change_message": "[{\"changed\": {\"fields\": [\"Tags\"]}}]"
    }
  },
  {
    "model": "admin.logentry",
    "pk": 78,
    "fields": {
      "action_time": "2024-06-13T10:43:11.493Z",
      "user": 1,
      "content_type": 8,
      "object_id": "7",
      "object_repr": "Бесконечные отчёты: как выжить в мире юриспруденции? 📚📝",
      "action_flag": 2,
      "change_message": "[{\"changed\": {\"fields\": [\"Tags\"]}}]"
    }
  },
  {
    "model": "admin.logentry",
    "pk": 79,
    "fields": {
      "action_time": "2024-06-13T10:45:20.558Z",
      "user": 1,
      "content_type": 8,
      "object_id": "6",
      "object_repr": "Хорошо, но не очень: как не запутаться в паттернах проектирования? 🤔",
      "action_flag": 2,
      "change_message": "[{\"changed\": {\"fields\": [\"Tags\"]}}]"
    }
  },
  {
    "model": "admin.logentry",
    "pk": 80,
    "fields": {
      "action_time": "2024-06-13T10:45:35.948Z",
      "user": 1,
      "content_type": 8,
      "object_id": "5",
      "object_repr": "Кофе решает всё: секрет успеха программиста! ☕💪",
      "action_flag": 2,
      "change_message": "[{\"changed\": {\"fields\": [\"Tags\"]}}]"
    }
  },
  {
    "model": "admin.logentry",
    "pk": 81,
    "fields": {
      "action_time": "2024-06-13T10:45:45.648Z",
      "user": 1,
      "content_type": 8,
      "object_id": "4",
      "object_repr": "Иногда слёзы: как справиться с кодом и дедлайном? 😭",
      "action_flag": 2,
      "change_message": "[{\"changed\": {\"fields\": [\"Tags\"]}}]"
    }
  },
  {
    "model": "admin.logentry",
    "pk": 82,
    "fields": {
      "action_time": "2024-06-13T10:47:14.787Z",
      "user": 1,
      "content_type": 8,
      "object_id": "3",
      "object_repr": "Картинки за миллионы: искусство или чудо? 🖼️💰",
      "action_flag": 2,
      "change_message": "[{\"changed\": {\"fields\": [\"\\u041a\\u0430\\u0442\\u0435\\u0433\\u043e\\u0440\\u0438\\u044f\", \"Tags\"]}}]"
    }
  },
  {
    "model": "admin.logentry",
    "pk": 83,
    "fields": {
      "action_time": "2024-06-13T10:48:10.916Z",
      "user": 1,
      "content_type": 8,
      "object_id": "2",
      "object_repr": "Пик или пропасть? Ваш гид в мире биткойнов 📈📉",
      "action_flag": 2,
      "change_message": "[{\"changed\": {\"fields\": [\"\\u041a\\u0430\\u0442\\u0435\\u0433\\u043e\\u0440\\u0438\\u044f\", \"Tags\"]}}]"
    }
  },
  {
    "model": "admin.logentry",
    "pk": 84,
    "fields": {
      "action_time": "2024-06-13T10:48:41.026Z",
      "user": 1,
      "content_type": 8,
      "object_id": "3",
      "object_repr": "Картинки за миллионы: искусство или чудо? 🖼️💰",
      "action_flag": 2,
      "change_message": "[]"
    }
  },
  {
    "model": "admin.logentry",
    "pk": 85,
    "fields": {
      "action_time": "2024-06-13T10:49:10.580Z",
      "user": 1,
      "content_type": 8,
      "object_id": "1",
      "object_repr": "10 странных фактов о криптозверях 🦄👾",
      "action_flag": 2,
      "change_message": "[{\"changed\": {\"fields\": [\"\\u041a\\u0430\\u0442\\u0435\\u0433\\u043e\\u0440\\u0438\\u044f\", \"Tags\"]}}]"
    }
  },
  {
    "model": "auth.permission",
    "pk": 1,
    "fields": {
      "name": "Can add log entry",
      "content_type": 1,
      "codename": "add_logentry"
    }
  },
  {
    "model": "auth.permission",
    "pk": 2,
    "fields": {
      "name": "Can change log entry",
      "content_type": 1,
      "codename": "change_logentry"
    }
  },
  {
    "model": "auth.permission",
    "pk": 3,
    "fields": {
      "name": "Can delete log entry",
      "content_type": 1,
      "codename": "delete_logentry"
    }
  },
  {
    "model": "auth.permission",
    "pk": 4,
    "fields": {
      "name": "Can view log entry",
      "content_type": 1,
      "codename": "view_logentry"
    }
  },
  {
    "model": "auth.permission",
    "pk": 5,
    "fields": {
      "name": "Can add permission",
      "content_type": 2,
      "codename": "add_permission"
    }
  },
  {
    "model": "auth.permission",
    "pk": 6,
    "fields": {
      "name": "Can change permission",
      "content_type": 2,
      "codename": "change_permission"
    }
  },
  {
    "model": "auth.permission",
    "pk": 7,
    "fields": {
      "name": "Can delete permission",
      "content_type": 2,
      "codename": "delete_permission"
    }
  },
  {
    "model": "auth.permission",
    "pk": 8,
    "fields": {
      "name": "Can view permission",
      "content_type": 2,
      "codename": "view_permission"
    }
  },
  {
    "model": "auth.permission",
    "pk": 9,
    "fields": {
      "name": "Can add group",
      "content_type": 3,
      "codename": "add_group"
    }
  },
  {
    "model": "auth.permission",
    "pk": 10,
    "fields": {
      "name": "Can change group",
      "content_type": 3,
      "codename": "change_group"
    }
  },
  {
    "model": "auth.permission",
    "pk": 11,
    "fields": {
      "name": "Can delete group",
      "content_type": 3,
      "codename": "delete_group"
    }
  },
  {
    "model": "auth.permission",
    "pk": 12,
    "fields": {
      "name": "Can view group",
      "content_type": 3,
      "codename": "view_group"
    }
  },
  {
    "model": "auth.permission",
    "pk": 13,
    "fields": {
      "name": "Can add user",
      "content_type": 4,
      "codename": "add_user"
    }
  },
  {
    "model": "auth.permission",
    "pk": 14,
    "fields": {
      "name": "Can change user",
      "content_type": 4,
      "codename": "change_user"
    }
  },
  {
    "model": "auth.permission",
    "pk": 15,
    "fields": {
      "name": "Can delete user",
      "content_type": 4,
      "codename": "delete_user"
    }
  },
  {
    "model": "auth.permission",
    "pk": 16,
    "fields": {
      "name": "Can view user",
      "content_type": 4,
      "codename": "view_user"
    }
  },
  {
    "model": "auth.permission",
    "pk": 17,
    "fields": {
      "name": "Can add content type",
      "content_type": 5,
      "codename": "add_contenttype"
    }
  },
  {
    "model": "auth.permission",
    "pk": 18,
    "fields": {
      "name": "Can change content type",
      "content_type": 5,
      "codename": "change_contenttype"
    }
  },
  {
    "model": "auth.permission",
    "pk": 19,
    "fields": {
      "name": "Can delete content type",
      "content_type": 5,
      "codename": "delete_contenttype"
    }
  },
  {
    "model": "auth.permission",
    "pk": 20,
    "fields": {
      "name": "Can view content type",
      "content_type": 5,
      "codename": "view_contenttype"
    }
  },
  {
    "model": "auth.permission",
    "pk": 21,
    "fields": {
      "name": "Can add session",
      "content_type": 6,
      "codename": "add_session"
    }
  },
  {
    "model": "auth.permission",
    "pk": 22,
    "fields": {
      "name": "Can change session",
      "content_type": 6,
      "codename": "change_session"
    }
  },
  {
    "model": "auth.permission",
    "pk": 23,
    "fields": {
      "name": "Can delete session",
      "content_type": 6,
      "codename": "delete_session"
    }
  },
  {
    "model": "auth.permission",
    "pk": 24,
    "fields": {
      "name": "Can view session",
      "content_type": 6,
      "codename": "view_session"
    }
  },
  {
    "model": "auth.permission",
    "pk": 25,
    "fields": {
      "name": "Can add Категория",
      "content_type": 7,
      "codename": "add_category"
    }
  },
  {
    "model": "auth.permission",
    "pk": 26,
    "fields": {
      "name": "Can change Категория",
      "content_type": 7,
      "codename": "change_category"
    }
  },
  {
    "model": "auth.permission",
    "pk": 27,
    "fields": {
      "name": "Can delete Категория",
      "content_type": 7,
      "codename": "delete_category"
    }
  },
  {
    "model": "auth.permission",
    "pk": 28,
    "fields": {
      "name": "Can view Категория",
      "content_type": 7,
      "codename": "view_category"
    }
  },
  {
    "model": "auth.permission",
    "pk": 29,
    "fields": {
      "name": "Can add Статья",
      "content_type": 8,
      "codename": "add_article"
    }
  },
  {
    "model": "auth.permission",
    "pk": 30,
    "fields": {
      "name": "Can change Статья",
      "content_type": 8,
      "codename": "change_article"
    }
  },
  {
    "model": "auth.permission",
    "pk": 31,
    "fields": {
      "name": "Can delete Статья",
      "content_type": 8,
      "codename": "delete_article"
    }
  },
  {
    "model": "auth.permission",
    "pk": 32,
    "fields": {
      "name": "Can view Статья",
      "content_type": 8,
      "codename": "view_article"
    }
  },
  {
    "model": "auth.permission",
    "pk": 33,
    "fields": {
      "name": "Can add Профиль",
      "content_type": 9,
      "codename": "add_profile"
    }
  },
  {
    "model": "auth.permission",
    "pk": 34,
    "fields": {
      "name": "Can change Профиль",
      "content_type": 9,
      "codename": "change_profile"
    }
  },
  {
    "model": "auth.permission",
    "pk": 35,
    "fields": {
      "name": "Can delete Профиль",
      "content_type": 9,
      "codename": "delete_profile"
    }
  },
  {
    "model": "auth.permission",
    "pk": 36,
    "fields": {
      "name": "Can view Профиль",
      "content_type": 9,
      "codename": "view_profile"
    }
  },
  {
    "model": "auth.permission",
    "pk": 37,
    "fields": {
      "name": "Can add site",
      "content_type": 10,
      "codename": "add_site"
    }
  },
  {
    "model": "auth.permission",
    "pk": 38,
    "fields": {
      "name": "Can change site",
      "content_type": 10,
      "codename": "change_site"
    }
  },
  {
    "model": "auth.permission",
    "pk": 39,
    "fields": {
      "name": "Can delete site",
      "content_type": 10,
      "codename": "delete_site"
    }
  },
  {
    "model": "auth.permission",
    "pk": 40,
    "fields": {
      "name": "Can view site",
      "content_type": 10,
      "codename": "view_site"
    }
  },
  {
    "model": "auth.permission",
    "pk": 41,
    "fields": {
      "name": "Can add Комментарий",
      "content_type": 11,
      "codename": "add_comment"
    }
  },
  {
    "model": "auth.permission",
    "pk": 42,
    "fields": {
      "name": "Can change Комментарий",
      "content_type": 11,
      "codename": "change_comment"
    }
  },
  {
    "model": "auth.permission",
    "pk": 43,
    "fields": {
      "name": "Can delete Комментарий",
      "content_type": 11,
      "codename": "delete_comment"
    }
  },
  {
    "model": "auth.permission",
    "pk": 44,
    "fields": {
      "name": "Can view Комментарий",
      "content_type": 11,
      "codename": "view_comment"
    }
  },
  {
    "model": "auth.permission",
    "pk": 45,
    "fields": {
      "name": "Can add Обратная связь",
      "content_type": 12,
      "codename": "add_feedback"
    }
  },
  {
    "model": "auth.permission",
    "pk": 46,
    "fields": {
      "name": "Can change Обратная связь",
      "content_type": 12,
      "codename": "change_feedback"
    }
  },
  {
    "model": "auth.permission",
    "pk": 47,
    "fields": {
      "name": "Can delete Обратная связь",
      "content_type": 12,
      "codename": "delete_feedback"
    }
  },
  {
    "model": "auth.permission",
    "pk": 48,
    "fields": {
      "name": "Can view Обратная связь",
      "content_type": 12,
      "codename": "view_feedback"
    }
  },
  {
    "model": "auth.permission",
    "pk": 49,
    "fields": {
      "name": "Can add tag",
      "content_type": 13,
      "codename": "add_tag"
    }
  },
  {
    "model": "auth.permission",
    "pk": 50,
    "fields": {
      "name": "Can change tag",
      "content_type": 13,
      "codename": "change_tag"
    }
  },
  {
    "model": "auth.permission",
    "pk": 51,
    "fields": {
      "name": "Can delete tag",
      "content_type": 13,
      "codename": "delete_tag"
    }
  },
  {
    "model": "auth.permission",
    "pk": 52,
    "fields": {
      "name": "Can view tag",
      "content_type": 13,
      "codename": "view_tag"
    }
  },
  {
    "model": "auth.permission",
    "pk": 53,
    "fields": {
      "name": "Can add tagged item",
      "content_type": 14,
      "codename": "add_taggeditem"
    }
  },
  {
    "model": "auth.permission",
    "pk": 54,
    "fields": {
      "name": "Can change tagged item",
      "content_type": 14,
      "codename": "change_taggeditem"
    }
  },
  {
    "model": "auth.permission",
    "pk": 55,
    "fields": {
      "name": "Can delete tagged item",
      "content_type": 14,
      "codename": "delete_taggeditem"
    }
  },
  {
    "model": "auth.permission",
    "pk": 56,
    "fields": {
      "name": "Can view tagged item",
      "content_type": 14,
      "codename": "view_taggeditem"
    }
  },
  {
    "model": "auth.permission",
    "pk": 57,
    "fields": {
      "name": "Can add captcha store",
      "content_type": 15,
      "codename": "add_captchastore"
    }
  },
  {
    "model": "auth.permission",
    "pk": 58,
    "fields": {
      "name": "Can change captcha store",
      "content_type": 15,
      "codename": "change_captchastore"
    }
  },
  {
    "model": "auth.permission",
    "pk": 59,
    "fields": {
      "name": "Can delete captcha store",
      "content_type": 15,
      "codename": "delete_captchastore"
    }
  },
  {
    "model": "auth.permission",
    "pk": 60,
    "fields": {
      "name": "Can view captcha store",
      "content_type": 15,
      "codename": "view_captchastore"
    }
  },
  {
    "model": "auth.user",
    "pk": 1,
    "fields": {
      "password": "pbkdf2_sha256$600000$Lna7Vj6h0JkluuukS84jFw$Nrj8S9P6k7xvUJFa99c/OHNHpch2k/L9C2MQRVhRlD4=",
      "last_login": "2024-06-17T08:50:55.301Z",
      "is_superuser": true,
      "username": "root",
      "first_name": "",
      "last_name": "",
      "email": "",
      "is_staff": true,
      "is_active": true,
      "date_joined": "2024-06-03T18:02:55.204Z",
      "groups": [],
      "user_permissions": []
    }
  },
  {
    "model": "auth.user",
    "pk": 2,
    "fields": {
      "password": "pbkdf2_sha256$720000$1j7tCS8zV34GszUZHAAM0i$/ReCxDzogGFK4vbhoM8NaSHYHCOhe+VWQBnE/nWV3uc=",
      "last_login": null,
      "is_superuser": true,
      "username": "гuser",
      "first_name": "",
      "last_name": "",
      "email": "",
      "is_staff": true,
      "is_active": true,
      "date_joined": "2024-06-06T14:20:29.285Z",
      "groups": [],
      "user_permissions": []
    }
  },
  {
    "model": "auth.user",
    "pk": 3,
    "fields": {
      "password": "pbkdf2_sha256$720000$g7Xup8J5xuMB2jHWGDHoTR$S1waPhp1FFw19XVeqVdU7WFfUn+5gL9BMgP0bMMCiww=",
      "last_login": null,
      "is_superuser": true,
      "username": "visitor",
      "first_name": "",
      "last_name": "",
      "email": "",
      "is_staff": true,
      "is_active": true,
      "date_joined": "2024-06-06T14:21:14.184Z",
      "groups": [],
      "user_permissions": []
    }
  },
  {
    "model": "auth.user",
    "pk": 4,
    "fields": {
      "password": "pbkdf2_sha256$720000$AjfeHUgWDKUS79Ntx43jif$6PQssJ8slkK02Qk/HUCLyNH0joAkOpeGsnO393cFXPQ=",
      "last_login": null,
      "is_superuser": false,
      "username": "pupok",
      "first_name": "Пупсик",
      "last_name": "Пупок",
      "email": "pupok@cool.com",
      "is_staff": false,
      "is_active": true,
      "date_joined": "2024-06-10T13:06:08.345Z",
      "groups": [],
      "user_permissions": []
    }
  },
  {
    "model": "sessions.session",
    "pk": "45qglkxitkcvim1nc5e2byhozat4oixn",
    "fields": {
      "session_data": ".eJxVjEEOwiAQAP_C2RC6hQIevfsGstsFqRpISnsy_l1JetDrzGReIuC-5bC3uIaFxVkM4vTLCOdHLF3wHcutyrmWbV1I9kQetslr5fi8HO3fIGPLfYsD-UGNioDATiY5dgwpfvHkvNZACWarkkkIGtKovOdoonWaRoPM4v0B2dU3-w:1sEC1z:FJDVaIilYdgyoGhNjmMDNgFlVo_Umr4kJbD6a6CE5gs",
      "expire_date": "2024-06-17T18:03:39.762Z"
    }
  },
  {
    "model": "sessions.session",
    "pk": "6iv3x5sgcwyiokymrmh68wrrmdqx097v",
    "fields": {
      "session_data": "e30:1sGEeb:Rn1FnIYZ5H2oqnNJQ7OvQaOSFO0negj6AkJsn_Cs2uk",
      "expire_date": "2024-06-23T09:15:57.379Z"
    }
  },
  {
    "model": "sessions.session",
    "pk": "emidj10ssjssvfcfhf8co1rpxkokb4wk",
    "fields": {
      "session_data": ".eJxVjEEOwiAQRe_C2hChEAaX7j0DGYYZqRqalHbVeHdt0oVu_3vvbyrhutS0dp7TWNRFGXX63TLSk9sOygPbfdI0tWUes94VfdCub1Ph1_Vw_w4q9vqtQxw4Ag4AwXEsYqwTJ6ZkAJsJEZkCBgk-OnBMJJFFxDO5c7AeRL0_-jk49Q:1sJ84l:Q9zjmf1w6D-AlDek-1t7MR6UwtrAjeF32M2cIm749Aw",
      "expire_date": "2024-07-01T08:50:55.315Z"
    }
  },
  {
    "model": "sessions.session",
    "pk": "h80zzlzoff08ixgitdtpngppcy0ysrg8",
    "fields": {
      "session_data": ".eJxVjEEOwiAQAP_C2RC6hQIevfsGstsFqRpISnsy_l1JetDrzGReIuC-5bC3uIaFxVkM4vTLCOdHLF3wHcutyrmWbV1I9kQetslr5fi8HO3fIGPLfYsD-UGNioDATiY5dgwpfvHkvNZACWarkkkIGtKovOdoonWaRoPM4v0B2dU3-w:1sGaxE:AlUjHkkVyeoZYxIf4ZPEA9kAhUVAIKMk3qsgwtpFLG0",
      "expire_date": "2024-06-24T09:04:40.831Z"
    }
  },
  {
    "model": "sessions.session",
    "pk": "mjvwhtnst1e8l4wafunxt3ixo1rqzgfw",
    "fields": {
      "session_data": ".eJxVjEEOwiAQAP_C2RC6hQIevfsGstsFqRpISnsy_l1JetDrzGReIuC-5bC3uIaFxVkM4vTLCOdHLF3wHcutyrmWbV1I9kQetslr5fi8HO3fIGPLfYsD-UGNioDATiY5dgwpfvHkvNZACWarkkkIGtKovOdoonWaRoPM4v0B2dU3-w:1sGbEm:ZmlMs0qyp1V5CfEofogCPaWXlvlrooAlTNRnQfmpS3s",
      "expire_date": "2024-06-24T09:22:48.511Z"
    }
  },
  {
    "model": "sessions.session",
    "pk": "rc1ad5yodc7wlmdpmy2g1y0uusq6u0x3",
    "fields": {
      "session_data": ".eJxVjEEOwiAQAP_C2RC6hQIevfsGstsFqRpISnsy_l1JetDrzGReIuC-5bC3uIaFxVkM4vTLCOdHLF3wHcutyrmWbV1I9kQetslr5fi8HO3fIGPLfYsD-UGNioDATiY5dgwpfvHkvNZACWarkkkIGtKovOdoonWaRoPM4v0B2dU3-w:1sFA2x:Ue6N2jLk8U6mxax649vhZ5BDQhqjVW0vtxP-kxEexLQ",
      "expire_date": "2024-06-20T10:08:39.473Z"
    }
  },
  {
    "model": "sessions.session",
    "pk": "t0h6ulikpybp1z3cjj7fro7robrayp29",
    "fields": {
      "session_data": ".eJxVjEEOwiAQAP_C2RC6hQIevfsGstsFqRpISnsy_l1JetDrzGReIuC-5bC3uIaFxVkM4vTLCOdHLF3wHcutyrmWbV1I9kQetslr5fi8HO3fIGPLfYsD-UGNioDATiY5dgwpfvHkvNZACWarkkkIGtKovOdoonWaRoPM4v0B2dU3-w:1sHkeA:4uQmoPsa4QznxCw5M7eeAZzMVAomHwjrhLLn4eF5vl0",
      "expire_date": "2024-06-27T13:37:46.886Z"
    }
  },
  {
    "model": "sessions.session",
    "pk": "xizo92753ghwlo58eu9j7q7yofjz1p43",
    "fields": {
      "session_data": ".eJxVjEEOwiAQAP_C2RC6hQIevfsGstsFqRpISnsy_l1JetDrzGReIuC-5bC3uIaFxVkM4vTLCOdHLF3wHcutyrmWbV1I9kQetslr5fi8HO3fIGPLfYsD-UGNioDATiY5dgwpfvHkvNZACWarkkkIGtKovOdoonWaRoPM4v0B2dU3-w:1sGElX:sh40-VY6IefD2tjbdoSk_CUiKAAZtN8RpWTvu3cNCMQ",
      "expire_date": "2024-06-23T09:23:07.168Z"
    }
  },
  {
    "model": "sessions.session",
    "pk": "y6sgvya93okglscq0uofyki8vrpbxfp6",
    "fields": {
      "session_data": ".eJxVjEEOwiAQAP_C2RC6hQIevfsGstsFqRpISnsy_l1JetDrzGReIuC-5bC3uIaFxVkM4vTLCOdHLF3wHcutyrmWbV1I9kQetslr5fi8HO3fIGPLfYsD-UGNioDATiY5dgwpfvHkvNZACWarkkkIGtKovOdoonWaRoPM4v0B2dU3-w:1sFDxN:lKkzEWN5ylanQOPlew_xrSqTGIoFiD2tVcmbEhrQNYw",
      "expire_date": "2024-06-20T14:19:09.622Z"
    }
  },
  {
    "model": "sites.site",
    "pk": 1,
    "fields": {
      "domain": "127.0.0.1:8000",
      "name": "127.0.0.1:8000"
    }
  },
  {
    "model": "captcha.captchastore",
    "pk": 381,
    "fields": {
      "challenge": "9+6=",
      "response": "15",
      "hashkey": "f347fb178e0b36d81c87722dd46f680855c1551e",
      "expiration": "2024-06-17T08:53:00.333Z"
    }
  },
  {
    "model": "captcha.captchastore",
    "pk": 382,
    "fields": {
      "challenge": "8*1=",
      "response": "8",
      "hashkey": "595543738b0e3a9e560214c5ac7bc665ddba2cd9",
      "expiration": "2024-06-17T08:53:11.261Z"
    }
  },
  {
    "model": "captcha.captchastore",
    "pk": 383,
    "fields": {
      "challenge": "8*5=",
      "response": "40",
      "hashkey": "e78847587c7dccef482fe8be3f188a7fbc961403",
      "expiration": "2024-06-17T08:53:14.036Z"
    }
  },
  {
    "model": "captcha.captchastore",
    "pk": 384,
    "fields": {
      "challenge": "10-8=",
      "response": "2",
      "hashkey": "fa7a845bda57a85f7d25df1751bfcf31c5e7d65b",
      "expiration": "2024-06-17T08:55:00.088Z"
    }
  },
  {
    "model": "captcha.captchastore",
    "pk": 385,
    "fields": {
      "challenge": "8-4=",
      "response": "4",
      "hashkey": "195ed6f5f313a3e9cddbe17c57caa84adbcd1861",
      "expiration": "2024-06-17T08:55:24.432Z"
    }
  },
  {
    "model": "taggit.tag",
    "pk": 1,
    "fields": {
      "name": "Тест 1",
      "slug": "тест-1"
    }
  },
  {
    "model": "taggit.tag",
    "pk": 2,
    "fields": {
      "name": "Тест",
      "slug": "тест"
    }
  },
  {
    "model": "taggit.tag",
    "pk": 3,
    "fields": {
      "name": "Тест 2",
      "slug": "тест-2"
    }
  },
  {
    "model": "taggit.tag",
    "pk": 4,
    "fields": {
      "name": "юриспруденция",
      "slug": "юриспруденция"
    }
  },
  {
    "model": "taggit.tag",
    "pk": 5,
    "fields": {
      "name": "суд",
      "slug": "суд"
    }
  },
  {
    "model": "taggit.tag",
    "pk": 6,
    "fields": {
      "name": "справедливость",
      "slug": "справедливость"
    }
  },
  {
    "model": "taggit.tag",
    "pk": 7,
    "fields": {
      "name": "правила",
      "slug": "правила"
    }
  },
  {
    "model": "taggit.tag",
    "pk": 8,
    "fields": {
      "name": "законы",
      "slug": "законы"
    }
  },
  {
    "model": "taggit.tag",
    "pk": 9,
    "fields": {
      "name": "документы",
      "slug": "документы"
    }
  },
  {
    "model": "taggit.tag",
    "pk": 10,
    "fields": {
      "name": "паттерн",
      "slug": "паттерн"
    }
  },
  {
    "model": "taggit.tag",
    "pk": 11,
    "fields": {
      "name": "паттерны проектирования",
      "slug": "паттерны-проектирования"
    }
  },
  {
    "model": "taggit.tag",
    "pk": 12,
    "fields": {
      "name": "паттерны",
      "slug": "паттерны"
    }
  },
  {
    "model": "taggit.tag",
    "pk": 13,
    "fields": {
      "name": "программист",
      "slug": "программист"
    }
  },
  {
    "model": "taggit.tag",
    "pk": 14,
    "fields": {
      "name": "энергия",
      "slug": "энергия"
    }
  },
  {
    "model": "taggit.tag",
    "pk": 15,
    "fields": {
      "name": "кофе",
      "slug": "кофе"
    }
  },
  {
    "model": "taggit.tag",
    "pk": 16,
    "fields": {
      "name": "дедлайн",
      "slug": "дедлайн"
    }
  },
  {
    "model": "taggit.tag",
    "pk": 17,
    "fields": {
      "name": "трудности",
      "slug": "трудности"
    }
  },
  {
    "model": "taggit.tag",
    "pk": 18,
    "fields": {
      "name": "юрист",
      "slug": "юрист"
    }
  },
  {
    "model": "taggit.tag",
    "pk": 19,
    "fields": {
      "name": "программирование",
      "slug": "программирование"
    }
  },
  {
    "model": "taggit.tag",
    "pk": 20,
    "fields": {
      "name": "картины",
      "slug": "картины"
    }
  },
  {
    "model": "taggit.tag",
    "pk": 21,
    "fields": {
      "name": "заработок",
      "slug": "заработок"
    }
  },
  {
    "model": "taggit.tag",
    "pk": 22,
    "fields": {
      "name": "криптомир",
      "slug": "криптомир"
    }
  },
  {
    "model": "taggit.tag",
    "pk": 23,
    "fields": {
      "name": "NFT",
      "slug": "nft"
    }
  },
  {
    "model": "taggit.tag",
    "pk": 24,
    "fields": {
      "name": "биткойн",
      "slug": "биткойн"
    }
  },
  {
    "model": "taggit.tag",
    "pk": 25,
    "fields": {
      "name": "криптозвери",
      "slug": "криптозвери"
    }
  },
  {
    "model": "taggit.taggeditem",
    "pk": 1,
    "fields": {
      "tag": 1,
      "content_type": 8,
      "object_id": 12
    }
  },
  {
    "model": "taggit.taggeditem",
    "pk": 2,
    "fields": {
      "tag": 2,
      "content_type": 8,
      "object_id": 12
    }
  },
  {
    "model": "taggit.taggeditem",
    "pk": 3,
    "fields": {
      "tag": 2,
      "content_type": 8,
      "object_id": 13
    }
  },
  {
    "model": "taggit.taggeditem",
    "pk": 4,
    "fields": {
      "tag": 3,
      "content_type": 8,
      "object_id": 13
    }
  },
  {
    "model": "taggit.taggeditem",
    "pk": 5,
    "fields": {
      "tag": 4,
      "content_type": 8,
      "object_id": 9
    }
  },
  {
    "model": "taggit.taggeditem",
    "pk": 6,
    "fields": {
      "tag": 5,
      "content_type": 8,
      "object_id": 9
    }
  },
  {
    "model": "taggit.taggeditem",
    "pk": 7,
    "fields": {
      "tag": 6,
      "content_type": 8,
      "object_id": 9
    }
  },
  {
    "model": "taggit.taggeditem",
    "pk": 8,
    "fields": {
      "tag": 8,
      "content_type": 8,
      "object_id": 8
    }
  },
  {
    "model": "taggit.taggeditem",
    "pk": 9,
    "fields": {
      "tag": 4,
      "content_type": 8,
      "object_id": 8
    }
  },
  {
    "model": "taggit.taggeditem",
    "pk": 10,
    "fields": {
      "tag": 7,
      "content_type": 8,
      "object_id": 8
    }
  },
  {
    "model": "taggit.taggeditem",
    "pk": 11,
    "fields": {
      "tag": 8,
      "content_type": 8,
      "object_id": 7
    }
  },
  {
    "model": "taggit.taggeditem",
    "pk": 12,
    "fields": {
      "tag": 9,
      "content_type": 8,
      "object_id": 7
    }
  },
  {
    "model": "taggit.taggeditem",
    "pk": 13,
    "fields": {
      "tag": 4,
      "content_type": 8,
      "object_id": 7
    }
  },
  {
    "model": "taggit.taggeditem",
    "pk": 14,
    "fields": {
      "tag": 10,
      "content_type": 8,
      "object_id": 6
    }
  },
  {
    "model": "taggit.taggeditem",
    "pk": 15,
    "fields": {
      "tag": 11,
      "content_type": 8,
      "object_id": 6
    }
  },
  {
    "model": "taggit.taggeditem",
    "pk": 16,
    "fields": {
      "tag": 12,
      "content_type": 8,
      "object_id": 6
    }
  },
  {
    "model": "taggit.taggeditem",
    "pk": 17,
    "fields": {
      "tag": 13,
      "content_type": 8,
      "object_id": 5
    }
  },
  {
    "model": "taggit.taggeditem",
    "pk": 18,
    "fields": {
      "tag": 14,
      "content_type": 8,
      "object_id": 5
    }
  },
  {
    "model": "taggit.taggeditem",
    "pk": 19,
    "fields": {
      "tag": 15,
      "content_type": 8,
      "object_id": 5
    }
  },
  {
    "model": "taggit.taggeditem",
    "pk": 20,
    "fields": {
      "tag": 13,
      "content_type": 8,
      "object_id": 6
    }
  },
  {
    "model": "taggit.taggeditem",
    "pk": 21,
    "fields": {
      "tag": 16,
      "content_type": 8,
      "object_id": 4
    }
  },
  {
    "model": "taggit.taggeditem",
    "pk": 22,
    "fields": {
      "tag": 17,
      "content_type": 8,
      "object_id": 4
    }
  },
  {
    "model": "taggit.taggeditem",
    "pk": 23,
    "fields": {
      "tag": 13,
      "content_type": 8,
      "object_id": 4
    }
  },
  {
    "model": "taggit.taggeditem",
    "pk": 24,
    "fields": {
      "tag": 18,
      "content_type": 8,
      "object_id": 9
    }
  },
  {
    "model": "taggit.taggeditem",
    "pk": 25,
    "fields": {
      "tag": 18,
      "content_type": 8,
      "object_id": 8
    }
  },
  {
    "model": "taggit.taggeditem",
    "pk": 26,
    "fields": {
      "tag": 18,
      "content_type": 8,
      "object_id": 7
    }
  },
  {
    "model": "taggit.taggeditem",
    "pk": 27,
    "fields": {
      "tag": 19,
      "content_type": 8,
      "object_id": 6
    }
  },
  {
    "model": "taggit.taggeditem",
    "pk": 28,
    "fields": {
      "tag": 19,
      "content_type": 8,
      "object_id": 5
    }
  },
  {
    "model": "taggit.taggeditem",
    "pk": 29,
    "fields": {
      "tag": 19,
      "content_type": 8,
      "object_id": 4
    }
  },
  {
    "model": "taggit.taggeditem",
    "pk": 30,
    "fields": {
      "tag": 20,
      "content_type": 8,
      "object_id": 3
    }
  },
  {
    "model": "taggit.taggeditem",
    "pk": 31,
    "fields": {
      "tag": 21,
      "content_type": 8,
      "object_id": 3
    }
  },
  {
    "model": "taggit.taggeditem",
    "pk": 32,
    "fields": {
      "tag": 22,
      "content_type": 8,
      "object_id": 3
    }
  },
  {
    "model": "taggit.taggeditem",
    "pk": 33,
    "fields": {
      "tag": 23,
      "content_type": 8,
      "object_id": 3
    }
  },
  {
    "model": "taggit.taggeditem",
    "pk": 34,
    "fields": {
      "tag": 24,
      "content_type": 8,
      "object_id": 2
    }
  },
  {
    "model": "taggit.taggeditem",
    "pk": 35,
    "fields": {
      "tag": 21,
      "content_type": 8,
      "object_id": 2
    }
  },
  {
    "model": "taggit.taggeditem",
    "pk": 36,
    "fields": {
      "tag": 22,
      "content_type": 8,
      "object_id": 2
    }
  },
  {
    "model": "taggit.taggeditem",
    "pk": 37,
    "fields": {
      "tag": 20,
      "content_type": 8,
      "object_id": 1
    }
  },
  {
    "model": "taggit.taggeditem",
    "pk": 38,
    "fields": {
      "tag": 21,
      "content_type": 8,
      "object_id": 1
    }
  },
  {
    "model": "taggit.taggeditem",
    "pk": 39,
    "fields": {
      "tag": 22,
      "content_type": 8,
      "object_id": 1
    }
  },
  {
    "model": "taggit.taggeditem",
    "pk": 40,
    "fields": {
      "tag": 23,
      "content_type": 8,
      "object_id": 1
    }
  },
  {
    "model": "taggit.taggeditem",
    "pk": 41,
    "fields": {
      "tag": 25,
      "content_type": 8,
      "object_id": 1
    }
  },
  {
    "model": "blog.category",
    "pk": 1,
    "fields": {
      "title": "Программирование",
      "slug": "programmirovanie",
      "description": "Мир, где кофе ☕ и код 💻 правят балом.",
      "parent": null,
      "lft": 1,
      "rght": 8,
      "tree_id": 2,
      "level": 0
    }
  },
  {
    "model": "blog.category",
    "pk": 2,
    "fields": {
      "title": "Юридические штуки",
      "slug": "legal-stuff",
      "description": "Здесь всё строго, запутанно и всегда с печатью. 📜🔍",
      "parent": null,
      "lft": 1,
      "rght": 8,
      "tree_id": 3,
      "level": 0
    }
  },
  {
    "model": "blog.category",
    "pk": 3,
    "fields": {
      "title": "Криптомир",
      "slug": "crypto-world",
      "description": "Место, где биткойны летают, а NFT восхищают. 🌐💸",
      "parent": null,
      "lft": 1,
      "rght": 8,
      "tree_id": 1,
      "level": 0
    }
  },
  {
    "model": "blog.category",
    "pk": 4,
    "fields": {
      "title": "Иногда слёзы",
      "slug": "sometimes-tears",
      "description": "Когда код не работает, а дедлайн всё ближе. 😭",
      "parent": 1,
      "lft": 2,
      "rght": 3,
      "tree_id": 2,
      "level": 1
    }
  },
  {
    "model": "blog.category",
    "pk": 5,
    "fields": {
      "title": "Хорошо, но не очень",
      "slug": "good-but-not-great",
      "description": "Паттерны проектирования - наши лучшие друзья и заклятые враги. 🤔",
      "parent": 1,
      "lft": 6,
      "rght": 7,
      "tree_id": 2,
      "level": 1
    }
  },
  {
    "model": "blog.category",
    "pk": 6,
    "fields": {
      "title": "Кофе решает всё",
      "slug": "coffee-solves-all",
      "description": "Потому что без кофе кодить вообще невозможно. ☕💪",
      "parent": 1,
      "lft": 4,
      "rght": 5,
      "tree_id": 2,
      "level": 1
    }
  },
  {
    "model": "blog.category",
    "pk": 7,
    "fields": {
      "title": "Вечный лабиринт",
      "slug": "eternal-maze",
      "description": "Законы такие законы - не поймёшь, пока не заплутаешь. 🌀🗺️",
      "parent": 2,
      "lft": 4,
      "rght": 5,
      "tree_id": 3,
      "level": 1
    }
  },
  {
    "model": "blog.category",
    "pk": 8,
    "fields": {
      "title": "Объект против возражения",
      "slug": "objection-overruled",
      "description": "Судебные прения - здесь все кричат, а судья всё решает. ⚖️📢",
      "parent": 2,
      "lft": 6,
      "rght": 7,
      "tree_id": 3,
      "level": 1
    }
  },
  {
    "model": "blog.category",
    "pk": 9,
    "fields": {
      "title": "Бесконечные отчёты",
      "slug": "endless-reports",
      "description": "Когда бумаги больше, чем идей - это юриспруденция. 📚📝",
      "parent": 2,
      "lft": 2,
      "rght": 3,
      "tree_id": 3,
      "level": 1
    }
  },
  {
    "model": "blog.category",
    "pk": 10,
    "fields": {
      "title": "Пик или пропасть?",
      "slug": "peak-or-trough",
      "description": "Биткойн - сегодня миллионы, завтра обнуление. 📈📉",
      "parent": 3,
      "lft": 4,
      "rght": 5,
      "tree_id": 1,
      "level": 1
    }
  },
  {
    "model": "blog.category",
    "pk": 11,
    "fields": {
      "title": "Что за звери?",
      "slug": "what-beasts",
      "description": "Альткойны - странные и загадочные создания цифрового мира. 🦄👾",
      "parent": 3,
      "lft": 6,
      "rght": 7,
      "tree_id": 1,
      "level": 1
    }
  },
  {
    "model": "blog.category",
    "pk": 12,
    "fields": {
      "title": "Картинки за миллионы",
      "slug": "million-dollar-pics",
      "description": "NFT - пиксели стоят больше, чем дом твоих родителей. 🖼️💰",
      "parent": 3,
      "lft": 2,
      "rght": 3,
      "tree_id": 1,
      "level": 1
    }
  },
  {
    "model": "blog.article",
    "pk": 1,
    "fields": {
      "title": "10 странных фактов о криптозверях 🦄👾",
      "slug": "10-strannykh-faktov-o-kriptozveryakh",
      "short_description": "Откройте для себя тайны криптозверей и их удивительные особенности! 🕵️‍♀️",
      "full_description": "Здесь вы узнаете о том, как криптозвери обитают в мире блокчейн, питаются мемами и размножаются с помощью NFT. Удивительно, но факт: криптозвери могут менять свои цвета в зависимости от текущей цены биткойна! И это еще не все удивительные черты этих загадочных существ. Давайте погрузимся в мир криптозверей вместе! 🌈🚀",
      "thumbnail": "images/thumbnails/2024/06/06/cryptobeasts.jpeg",
      "status": "published",
      "time_create": "2024-06-03T18:31:21.554Z",
      "time_update": "2024-06-13T10:49:10.565Z",
      "author": 3,
      "updater": null,
      "fixed": false,
      "category": 3
    }
  },
  {
    "model": "blog.article",
    "pk": 2,
    "fields": {
      "title": "Пик или пропасть? Ваш гид в мире биткойнов 📈📉",
      "slug": "pik-ili-propast-vash-gid-v-mire-bitkoinov",
      "short_description": "Готовы ли вы стать следующим миллионером или потерять все свои сбережения? Узнайте правду о мире биткойнов! 💰💥",
      "full_description": "Добро пожаловать в мир биткойнов! Здесь вы найдете все, что нужно знать о динамичном мире криптовалют. От новых технологий до волнующих новостей - мы расскажем вам о всем, что происходит в этом захватывающем мире. Готовы ли вы стать следующим миллионером или потерять все свои сбережения? Узнайте правду о мире биткойнов с нами! 💰💥",
      "thumbnail": "images/thumbnails/2024/06/06/bitcoin.jpeg",
      "status": "published",
      "time_create": "2024-06-03T18:36:03.672Z",
      "time_update": "2024-06-13T10:48:10.906Z",
      "author": 3,
      "updater": null,
      "fixed": false,
      "category": 3
    }
  },
  {
    "model": "blog.article",
    "pk": 3,
    "fields": {
      "title": "Картинки за миллионы: искусство или чудо? 🖼️💰",
      "slug": "million-dollar-pics-art-or-miracle",
      "short_description": "Узнайте, как пиксели становятся ценными шедеврами и зарабатывают миллионы долларов в мире NFT! 💎✨",
      "full_description": "Давно прошли те времена, когда искусство ограничивалось холстами и кистями. Сегодня мир переживает настоящую революцию в искусстве благодаря технологии NFT. Картины, состоящие из пикселей, становятся объектами желания коллекционеров и достигают невероятных цен на аукционах. Узнайте, как пиксели становятся ценными шедеврами и зарабатывают миллионы долларов в мире NFT! 💎✨",
      "thumbnail": "images/thumbnails/2024/06/06/nft.jpeg",
      "status": "published",
      "time_create": "2024-06-03T18:38:31.936Z",
      "time_update": "2024-06-13T10:48:41.022Z",
      "author": 3,
      "updater": null,
      "fixed": false,
      "category": 3
    }
  },
  {
    "model": "blog.article",
    "pk": 4,
    "fields": {
      "title": "Иногда слёзы: как справиться с кодом и дедлайном? 😭",
      "slug": "sometimes-tears-coping-with-code-and-deadlines",
      "short_description": "Узнайте, как справиться с трудностями программирования и сжатыми сроками без потери мотивации и настроения! 💻⏰",
      "full_description": "Бывают моменты, когда код отказывается работать, а дедлайн стоит на пороге. В такие моменты нам хочется просто заплакать! Но не отчаивайтесь, в этой статье мы расскажем вам, как справиться с трудностями программирования и сжатыми сроками без потери мотивации и настроения. Узнайте, как сохранить спокойствие и сделать ваш код лучше вместе с нами! 💻⏰",
      "thumbnail": "images/thumbnails/2024/06/06/the_code_doesnt_work.jpeg",
      "status": "published",
      "time_create": "2024-06-03T18:44:35.812Z",
      "time_update": "2024-06-13T10:45:45.643Z",
      "author": 1,
      "updater": null,
      "fixed": false,
      "category": 1
    }
  },
  {
    "model": "blog.article",
    "pk": 5,
    "fields": {
      "title": "Кофе решает всё: секрет успеха программиста! ☕💪",
      "slug": "coffee-solves-all-the-secret-to-programming-success",
      "short_description": "Откройте для себя магию кофе и его влияние на процесс программирования. Потому что без кофе кодить вообще невозможно! ☕💪",
      "full_description": "Каждый программист знает, что кофе - это не просто напиток, а настоящий мотиватор и источник энергии. В этой статье мы расскажем вам о магии кофе и его влиянии на процесс программирования. Потому что без кофе кодить вообще невозможно! ☕💪",
      "thumbnail": "images/thumbnails/2024/06/06/coffee_for_a_programmer.jpeg",
      "status": "published",
      "time_create": "2024-06-03T18:45:39.242Z",
      "time_update": "2024-06-13T10:45:35.942Z",
      "author": 1,
      "updater": null,
      "fixed": false,
      "category": 1
    }
  },
  {
    "model": "blog.article",
    "pk": 6,
    "fields": {
      "title": "Хорошо, но не очень: как не запутаться в паттернах проектирования? 🤔",
      "slug": "good-but-not-great-how-to-not-get-lost-in-design-patterns",
      "short_description": "Узнайте, как не потеряться в мире паттернов проектирования и использовать их на благо вашего проекта! 💡🔗",
      "full_description": "Паттерны проектирования могут быть как нашими лучшими друзьями, так и заклятыми врагами. В этой статье мы расскажем вам, как не потеряться в мире паттернов проектирования и использовать их на благо вашего проекта. Узнайте, как выбрать правильный паттерн и сделать ваш код еще лучше! 💡🔗",
      "thumbnail": "images/thumbnails/2024/06/06/design_patterns.jpeg",
      "status": "published",
      "time_create": "2024-06-03T18:46:50.458Z",
      "time_update": "2024-06-13T10:45:20.548Z",
      "author": 1,
      "updater": null,
      "fixed": false,
      "category": 1
    }
  },
  {
    "model": "blog.article",
    "pk": 7,
    "fields": {
      "title": "Бесконечные отчёты: как выжить в мире юриспруденции? 📚📝",
      "slug": "endless-reports-how-to-survive-in-the-legal-world",
      "short_description": "Узнайте, как сохранить здравый смысл и выжить в мире, где бумаги больше, чем идей! 💼🤯",
      "full_description": "Юридические документы могут быть настоящим лабиринтом, но не отчаивайтесь! В этой статье мы расскажем вам, как сохранить здравый смысл и выжить в мире, где бумаги больше, чем идей. Узнайте, как организовать свою работу и избежать бесконечных отчётов! 💼🤯",
      "thumbnail": "images/thumbnails/2024/06/06/labyrinth_of_laws.jpeg",
      "status": "published",
      "time_create": "2024-06-03T18:49:53.293Z",
      "time_update": "2024-06-13T10:43:11.490Z",
      "author": 2,
      "updater": null,
      "fixed": false,
      "category": 2
    }
  },
  {
    "model": "blog.article",
    "pk": 8,
    "fields": {
      "title": "Вечный лабиринт: как разобраться в мире законов и правил? 🌀🗺️",
      "slug": "eternal-maze-how-to-navigate-the-world-of-laws-and-regulations",
      "short_description": "Погрузитесь в мир, где законы такие законы, и не поймёшь, пока не заплутаешь! 🤔📜",
      "full_description": "Законы и правила - это настоящий лабиринт, но не отчаивайтесь! В этой статье мы расскажем вам, как разобраться в мире законов и правил. Узнайте, как избежать запутывания и успешно навигировать в этом вечном лабиринте! 🌀🗺️",
      "thumbnail": "images/thumbnails/2024/06/06/confusing_laws.jpeg",
      "status": "published",
      "time_create": "2024-06-03T18:50:43.122Z",
      "time_update": "2024-06-13T10:42:58.865Z",
      "author": 2,
      "updater": null,
      "fixed": false,
      "category": 2
    }
  },
  {
    "model": "blog.article",
    "pk": 9,
    "fields": {
      "title": "Объект против возражения: как выиграть судебную битву? ⚖️📢",
      "slug": "objection-overruled-how-to-win-the-legal-battle",
      "short_description": "Узнайте, как выступить в суде и добиться своей победы в битве за справедливость! 👨‍⚖️💥",
      "full_description": "Судебные прения могут быть настоящей битвой, но не отчаивайтесь! В этой статье мы расскажем вам, как выступить в суде и добиться своей победы в битве за справедливость. Узнайте, как правильно формулировать аргументы и убедить судью в своей правоте! ⚖️📢",
      "thumbnail": "images/thumbnails/2024/06/06/justice_in_court.jpeg",
      "status": "published",
      "time_create": "2024-06-03T18:51:38.975Z",
      "time_update": "2024-06-13T10:42:50.765Z",
      "author": 2,
      "updater": 1,
      "fixed": false,
      "category": 2
    }
  },
  {
    "model": "blog.article",
    "pk": 12,
    "fields": {
      "title": "Тестовый заголовок №1",
      "slug": "testovyij-zagolovok-1",
      "short_description": "Краткое описание №1",
      "full_description": "Полное описание №1",
      "thumbnail": "images/thumbnails/2024/06/12/1649982839_5-kartinkof-club-p-yaitsa-prikolnie-kartinki-6.jpg",
      "status": "published",
      "time_create": "2024-06-12T09:11:17.026Z",
      "time_update": "2024-06-13T10:23:03.699Z",
      "author": 1,
      "updater": null,
      "fixed": false,
      "category": 3
    }
  },
  {
    "model": "blog.article",
    "pk": 13,
    "fields": {
      "title": "Тестовый заголовок №2",
      "slug": "testovyj-zagolovok-2",
      "short_description": "Краткое описание №2",
      "full_description": "Полное описание №2",
      "thumbnail": "images/thumbnails/2024/06/12/мошенники.webp",
      "status": "published",
      "time_create": "2024-06-12T09:13:55.724Z",
      "time_update": "2024-06-13T10:23:11.334Z",
      "author": 1,
      "updater": null,
      "fixed": false,
      "category": 3
    }
  },
  {
    "model": "blog.comment",
    "pk": 1,
    "fields": {
      "article": 1,
      "author": 4,
      "content": "Really Cool!!!",
      "time_create": "2024-06-11T12:59:11.877Z",
      "time_update": "2024-06-11T12:59:11.877Z",
      "status": "published",
      "parent": null,
      "lft": 1,
      "rght": 4,
      "tree_id": 1,
      "level": 0
    }
  },
  {
    "model": "blog.comment",
    "pk": 2,
    "fields": {
      "article": 1,
      "author": 3,
      "content": "Very interesting material!",
      "time_create": "2024-06-11T13:00:21.172Z",
      "time_update": "2024-06-11T13:00:21.172Z",
      "status": "published",
      "parent": null,
      "lft": 1,
      "rght": 2,
      "tree_id": 2,
      "level": 0
    }
  },
  {
    "model": "blog.comment",
    "pk": 3,
    "fields": {
      "article": 1,
      "author": 3,
      "content": "You are right",
      "time_create": "2024-06-11T13:01:06.376Z",
      "time_update": "2024-06-11T13:01:06.377Z",
      "status": "published",
      "parent": 1,
      "lft": 2,
      "rght": 3,
      "tree_id": 1,
      "level": 1
    }
  },
  {
    "model": "blog.comment",
    "pk": 6,
    "fields": {
      "article": 12,
      "author": 4,
      "content": "COOL",
      "time_create": "2024-06-12T09:24:54.642Z",
      "time_update": "2024-06-12T09:24:54.642Z",
      "status": "published",
      "parent": null,
      "lft": 1,
      "rght": 2,
      "tree_id": 3,
      "level": 0
    }
  },
  {
    "model": "blog.comment",
    "pk": 7,
    "fields": {
      "article": 13,
      "author": 1,
      "content": "Really cool!",
      "time_create": "2024-06-12T09:25:27.958Z",
      "time_update": "2024-06-12T09:25:27.958Z",
      "status": "published",
      "parent": null,
      "lft": 1,
      "rght": 6,
      "tree_id": 4,
      "level": 0
    }
  },
  {
    "model": "blog.comment",
    "pk": 8,
    "fields": {
      "article": 13,
      "author": 1,
      "content": "dbtgest",
      "time_create": "2024-06-12T13:01:20.917Z",
      "time_update": "2024-06-12T13:01:20.917Z",
      "status": "published",
      "parent": null,
      "lft": 1,
      "rght": 2,
      "tree_id": 5,
      "level": 0
    }
  },
  {
    "model": "blog.comment",
    "pk": 9,
    "fields": {
      "article": 2,
      "author": 1,
      "content": "sthset",
      "time_create": "2024-06-12T13:06:28.951Z",
      "time_update": "2024-06-12T13:06:28.951Z",
      "status": "published",
      "parent": null,
      "lft": 1,
      "rght": 2,
      "tree_id": 6,
      "level": 0
    }
  },
  {
    "model": "blog.comment",
    "pk": 10,
    "fields": {
      "article": 13,
      "author": 1,
      "content": "root, RGzergear",
      "time_create": "2024-06-13T06:52:55.936Z",
      "time_update": "2024-06-13T06:52:55.936Z",
      "status": "published",
      "parent": 7,
      "lft": 2,
      "rght": 5,
      "tree_id": 4,
      "level": 1
    }
  },
  {
    "model": "blog.comment",
    "pk": 11,
    "fields": {
      "article": 13,
      "author": 1,
      "content": "root, 11111",
      "time_create": "2024-06-13T06:53:10.018Z",
      "time_update": "2024-06-13T06:53:10.018Z",
      "status": "published",
      "parent": 10,
      "lft": 3,
      "rght": 4,
      "tree_id": 4,
      "level": 2
    }
  },
  {
    "model": "system.profile",
    "pk": 1,
    "fields": {
      "user": 1,
      "slug": "root",
      "avatar": "images/avatars/2024/06/09/10.png",
      "bio": "Really Cool!!!!",
      "birth_date": "2024-06-09"
    }
  },
  {
    "model": "system.profile",
    "pk": 2,
    "fields": {
      "user": 3,
      "slug": "visitor",
      "avatar": "images/avatars/2024/06/09/9.png",
      "bio": "It's just cool.",
      "birth_date": "2024-06-04"
    }
  },
  {
    "model": "system.profile",
    "pk": 3,
    "fields": {
      "user": 2,
      "slug": "ruser",
      "avatar": "images/avatars/2024/06/09/8.png",
      "bio": "Vanka stands up.",
      "birth_date": "2023-03-24"
    }
  },
  {
    "model": "system.profile",
    "pk": 4,
    "fields": {
      "user": 4,
      "slug": "pupok",
      "avatar": "images/avatars/default.jpg",
      "bio": "",
      "birth_date": null
    }
  }
]